station,raw_metar,datetime_scraped,observed,temperature,dewpoint,wind_speed,wind_direction,visibility,altimeter,flight_rules
SPQU,SPQU 120100Z 08006KT CAVOK 16/03 Q1029 RMK PP000,2025-05-12 01:48:50.506405,2025-05-12T01:00:00Z,16,3,6,80.0,9999,1029,VFR
SPJC,SPJC 120100Z 18006KT 9999 FEW005 BKN009 18/15 Q1013 BECMG SCT009 RMK PP000,2025-05-12 01:48:50.984181,2025-05-12T01:00:00Z,18,15,6,180.0,9999,1013,IFR
SPRU,SPRU 120100Z 14009KT 8000 FEW080 18/16 Q1012 RMK PP000,2025-05-12 01:48:51.406051,2025-05-12T01:00:00Z,18,16,9,140.0,8000,1012,MVFR
SPZO,SPZO 120130Z VRB02KT 9999 NSC 11/03 Q1035 NOSIG RMK BIRD HAZARD RWY 10/28,2025-05-12 01:48:51.870552,2025-05-12T01:30:00Z,11,3,2,,9999,1035,VFR
SPQU,SPQU 120200Z VRB02KT CAVOK 18/02 Q1029 RMK PP000,2025-05-12 02:10:15.875459,2025-05-12T02:00:00Z,18,2,2,,9999,1029,VFR
SPJC,SPJC 120200Z 16009KT 9999 SCT010 SCT015 18/16 Q1014 NOSIG RMK PP000,2025-05-12 02:10:16.348916,2025-05-12T02:00:00Z,18,16,9,160.0,9999,1014,VFR
SPRU,SPRU 120200Z 14006KT 8000 NSC 18/16 Q1013 RMK PP000,2025-05-12 02:10:16.778599,2025-05-12T02:00:00Z,18,16,6,140.0,8000,1013,MVFR
SPZO,SPZO 120200Z 10004KT 9999 NSC 10/04 Q1036 NOSIG RMK BIRD HAZARD RWY 10/28 PP000,2025-05-12 02:10:17.218514,2025-05-12T02:00:00Z,10,4,4,100.0,9999,1036,VFR
SPQU,SPQU 120200Z VRB02KT CAVOK 18/02 Q1029 RMK PP000,2025-05-12 02:20:18.161615,2025-05-12T02:00:00Z,18,2,2,,9999,1029,VFR
SPJC,SPJC 120200Z 16009KT 9999 SCT010 SCT015 18/16 Q1014 NOSIG RMK PP000,2025-05-12 02:20:18.637248,2025-05-12T02:00:00Z,18,16,9,160.0,9999,1014,VFR
SPRU,SPRU 120200Z 14006KT 8000 NSC 18/16 Q1013 RMK PP000,2025-05-12 02:20:19.064660,2025-05-12T02:00:00Z,18,16,6,140.0,8000,1013,MVFR
SPZO,SPZO 120200Z 10004KT 9999 NSC 10/04 Q1036 NOSIG RMK BIRD HAZARD RWY 10/28 PP000,2025-05-12 02:20:19.502623,2025-05-12T02:00:00Z,10,4,4,100.0,9999,1036,VFR
SPQU,SPQU 120200Z VRB02KT CAVOK 18/02 Q1029 RMK PP000,2025-05-12 02:30:20.431438,2025-05-12T02:00:00Z,18,2,2,,9999,1029,VFR
SPJC,SPJC 120200Z 16009KT 9999 SCT010 SCT015 18/16 Q1014 NOSIG RMK PP000,2025-05-12 02:30:20.851301,2025-05-12T02:00:00Z,18,16,9,160.0,9999,1014,VFR
SPRU,SPRU 120200Z 14006KT 8000 NSC 18/16 Q1013 RMK PP000,2025-05-12 02:30:21.265536,2025-05-12T02:00:00Z,18,16,6,140.0,8000,1013,MVFR
SPZO,SPZO 120230Z VRB02KT 9999 NSC 11/03 Q1036 NOSIG RMK BIRD HAZARD RWY 10/28,2025-05-12 02:30:21.820305,2025-05-12T02:30:00Z,11,3,2,,9999,1036,VFR
SPQU,SPQU 120200Z VRB02KT CAVOK 18/02 Q1029 RMK PP000,2025-05-12 02:40:22.785972,2025-05-12T02:00:00Z,18,2,2,,9999,1029,VFR
SPJC,SPJC 120200Z 16009KT 9999 SCT010 SCT015 18/16 Q1014 NOSIG RMK PP000,2025-05-12 02:40:23.243013,2025-05-12T02:00:00Z,18,16,9,160.0,9999,1014,VFR
SPRU,SPRU 120200Z 14006KT 8000 NSC 18/16 Q1013 RMK PP000,2025-05-12 02:40:23.711092,2025-05-12T02:00:00Z,18,16,6,140.0,8000,1013,MVFR
SPZO,SPZO 120230Z VRB02KT 9999 NSC 11/03 Q1036 NOSIG RMK BIRD HAZARD RWY 10/28,2025-05-12 02:40:24.161207,2025-05-12T02:30:00Z,11,3,2,,9999,1036,VFR
SPQU,SPQU 120200Z VRB02KT CAVOK 18/02 Q1029 RMK PP000,2025-05-12 02:50:25.072909,2025-05-12T02:00:00Z,18,2,2,,9999,1029,VFR
SPJC,SPJC 120200Z 16009KT 9999 SCT010 SCT015 18/16 Q1014 NOSIG RMK PP000,2025-05-12 02:50:25.512741,2025-05-12T02:00:00Z,18,16,9,160.0,9999,1014,VFR
SPRU,SPRU 120200Z 14006KT 8000 NSC 18/16 Q1013 RMK PP000,2025-05-12 02:50:25.995128,2025-05-12T02:00:00Z,18,16,6,140.0,8000,1013,MVFR
SPZO,SPZO 120230Z VRB02KT 9999 NSC 11/03 Q1036 NOSIG RMK BIRD HAZARD RWY 10/28,2025-05-12 02:50:26.408024,2025-05-12T02:30:00Z,11,3,2,,9999,1036,VFR
SPQU,SPQU 120200Z VRB02KT CAVOK 18/02 Q1029 RMK PP000,2025-05-12 03:00:27.310483,2025-05-12T02:00:00Z,18,2,2,,9999,1029,VFR
SPJC,SPJC 120200Z 16009KT 9999 SCT010 SCT015 18/16 Q1014 NOSIG RMK PP000,2025-05-12 03:00:27.735539,2025-05-12T02:00:00Z,18,16,9,160.0,9999,1014,VFR
SPRU,SPRU 120200Z 14006KT 8000 NSC 18/16 Q1013 RMK PP000,2025-05-12 03:00:28.217569,2025-05-12T02:00:00Z,18,16,6,140.0,8000,1013,MVFR
SPZO,SPZO 120230Z VRB02KT 9999 NSC 11/03 Q1036 NOSIG RMK BIRD HAZARD RWY 10/28,2025-05-12 03:00:28.639375,2025-05-12T02:30:00Z,11,3,2,,9999,1036,VFR
SPQU,SPQU 120300Z 03005KT 020V090 9999 SCT120 17/M00 Q1029 RMK PP000,2025-05-12 03:10:29.558566,2025-05-12T03:00:00Z,17,0,5,30,9999,1029,VFR
SPJC,SPJC 120300Z 15008KT 9999 SCT010 18/15 Q1014 NOSIG RMK PP000,2025-05-12 03:10:30.113044,2025-05-12T03:00:00Z,18,15,8,150,9999,1014,VFR
SPRU,SPRU 120300Z 14005KT 6000 NSC 17/16 Q1013 RMK PP000,2025-05-12 03:10:30.556671,2025-05-12T03:00:00Z,17,16,5,140,6000,1013,MVFR
SPZO,SPZO 120300Z 27004KT 9999 NSC 09/03 Q1036 NOSIG RMK BIRD HAZARD RWY 10/28 PP000,2025-05-12 03:10:30.994395,2025-05-12T03:00:00Z,9,3,4,270,9999,1036,VFR
SPQU,SPQU 120300Z 03005KT 020V090 9999 SCT120 17/M00 Q1029 RMK PP000,2025-05-12 03:20:31.892001,2025-05-12T03:00:00Z,17,0,5,30,9999,1029,VFR
SPJC,SPJC 120300Z 15008KT 9999 SCT010 18/15 Q1014 NOSIG RMK PP000,2025-05-12 03:20:32.372908,2025-05-12T03:00:00Z,18,15,8,150,9999,1014,VFR
SPRU,SPRU 120300Z 14005KT 6000 NSC 17/16 Q1013 RMK PP000,2025-05-12 03:20:32.860941,2025-05-12T03:00:00Z,17,16,5,140,6000,1013,MVFR
SPZO,SPZO 120300Z 27004KT 9999 NSC 09/03 Q1036 NOSIG RMK BIRD HAZARD RWY 10/28 PP000,2025-05-12 03:20:33.288253,2025-05-12T03:00:00Z,9,3,4,270,9999,1036,VFR
SPQU,SPQU 120300Z 03005KT 020V090 9999 SCT120 17/M00 Q1029 RMK PP000,2025-05-12 03:30:34.219876,2025-05-12T03:00:00Z,17,0,5,30,9999,1029,VFR
SPJC,SPJC 120300Z 15008KT 9999 SCT010 18/15 Q1014 NOSIG RMK PP000,2025-05-12 03:30:34.647579,2025-05-12T03:00:00Z,18,15,8,150,9999,1014,VFR
SPRU,SPRU 120300Z 14005KT 6000 NSC 17/16 Q1013 RMK PP000,2025-05-12 03:30:35.068381,2025-05-12T03:00:00Z,17,16,5,140,6000,1013,MVFR
SPZO,SPZO 120330Z 28005KT 9999 NSC 08/03 Q1036 NOSIG RMK BIRD HAZARD RWY 10/28,2025-05-12 03:30:35.677056,2025-05-12T03:30:00Z,8,3,5,280,9999,1036,VFR
SPQU,SPQU 120300Z 03005KT 020V090 9999 SCT120 17/M00 Q1029 RMK PP000,2025-05-12 03:40:36.573481,2025-05-12T03:00:00Z,17,0,5,30,9999,1029,VFR
SPJC,SPJC 120300Z 15008KT 9999 SCT010 18/15 Q1014 NOSIG RMK PP000,2025-05-12 03:40:37.036637,2025-05-12T03:00:00Z,18,15,8,150,9999,1014,VFR
SPRU,SPRU 120300Z 14005KT 6000 NSC 17/16 Q1013 RMK PP000,2025-05-12 03:40:37.466586,2025-05-12T03:00:00Z,17,16,5,140,6000,1013,MVFR
SPZO,SPZO 120330Z 28005KT 9999 NSC 08/03 Q1036 NOSIG RMK BIRD HAZARD RWY 10/28,2025-05-12 03:40:37.888523,2025-05-12T03:30:00Z,8,3,5,280,9999,1036,VFR
SPQU,SPQU 120300Z 03005KT 020V090 9999 SCT120 17/M00 Q1029 RMK PP000,2025-05-12 03:50:38.822461,2025-05-12T03:00:00Z,17,0,5,30,9999,1029,VFR
SPJC,SPJC 120300Z 15008KT 9999 SCT010 18/15 Q1014 NOSIG RMK PP000,2025-05-12 03:50:39.287158,2025-05-12T03:00:00Z,18,15,8,150,9999,1014,VFR
SPRU,SPRU 120300Z 14005KT 6000 NSC 17/16 Q1013 RMK PP000,2025-05-12 03:50:39.707372,2025-05-12T03:00:00Z,17,16,5,140,6000,1013,MVFR
SPZO,SPZO 120330Z 28005KT 9999 NSC 08/03 Q1036 NOSIG RMK BIRD HAZARD RWY 10/28,2025-05-12 03:50:40.188286,2025-05-12T03:30:00Z,8,3,5,280,9999,1036,VFR
SPQU,SPQU 120300Z 03005KT 020V090 9999 SCT120 17/M00 Q1029 RMK PP000,2025-05-12 04:00:41.136405,2025-05-12T03:00:00Z,17,0,5,30,9999,1029,VFR
SPJC,SPJC 120300Z 15008KT 9999 SCT010 18/15 Q1014 NOSIG RMK PP000,2025-05-12 04:00:41.596428,2025-05-12T03:00:00Z,18,15,8,150,9999,1014,VFR
SPRU,SPRU 120300Z 14005KT 6000 NSC 17/16 Q1013 RMK PP000,2025-05-12 04:00:42.100618,2025-05-12T03:00:00Z,17,16,5,140,6000,1013,MVFR
SPZO,SPZO 120330Z 28005KT 9999 NSC 08/03 Q1036 NOSIG RMK BIRD HAZARD RWY 10/28,2025-05-12 04:00:42.574237,2025-05-12T03:30:00Z,8,3,5,280,9999,1036,VFR
SPQU,SPQU 120400Z 35002KT 9999 FEW120 14/M01 Q1029 RMK PP000,2025-05-12 04:10:43.498805,2025-05-12T04:00:00Z,14,-1,2,350.0,9999,1029,VFR
SPJC,SPJC 120400Z 17006KT 8000 FEW010 18/15 Q1014 NOSIG RMK PP000,2025-05-12 04:10:44.034033,2025-05-12T04:00:00Z,18,15,6,170.0,8000,1014,MVFR
SPRU,SPRU 120400Z 13005KT 5000 BR NSC 17/16 Q1014 RMK PP000,2025-05-12 04:10:44.517684,2025-05-12T04:00:00Z,17,16,5,130.0,5000,1014,MVFR
SPZO,SPZO 120400Z VRB02KT 9999 SCT050 08/04 Q1037 NOSIG RMK BIRD HAZARD RWY 10/28 PP000,2025-05-12 04:10:44.943545,2025-05-12T04:00:00Z,8,4,2,,9999,1037,VFR
SPQU,SPQU 120400Z 35002KT 9999 FEW120 14/M01 Q1029 RMK PP000,2025-05-12 04:20:45.832505,2025-05-12T04:00:00Z,14,-1,2,350.0,9999,1029,VFR
SPJC,SPJC 120400Z 17006KT 8000 FEW010 18/15 Q1014 NOSIG RMK PP000,2025-05-12 04:20:46.321530,2025-05-12T04:00:00Z,18,15,6,170.0,8000,1014,MVFR
SPRU,SPRU 120400Z 13005KT 5000 BR NSC 17/16 Q1014 RMK PP000,2025-05-12 04:20:46.821680,2025-05-12T04:00:00Z,17,16,5,130.0,5000,1014,MVFR
SPZO,SPZO 120400Z VRB02KT 9999 SCT050 08/04 Q1037 NOSIG RMK BIRD HAZARD RWY 10/28 PP000,2025-05-12 04:20:47.241750,2025-05-12T04:00:00Z,8,4,2,,9999,1037,VFR
SPQU,SPQU 120400Z 35002KT 9999 FEW120 14/M01 Q1029 RMK PP000,2025-05-12 04:30:48.217183,2025-05-12T04:00:00Z,14,-1,2,350.0,9999,1029,VFR
SPJC,SPJC 120400Z 17006KT 8000 FEW010 18/15 Q1014 NOSIG RMK PP000,2025-05-12 04:30:48.820904,2025-05-12T04:00:00Z,18,15,6,170.0,8000,1014,MVFR
SPRU,SPRU 120400Z 13005KT 5000 BR NSC 17/16 Q1014 RMK PP000,2025-05-12 04:30:49.256811,2025-05-12T04:00:00Z,17,16,5,130.0,5000,1014,MVFR
SPZO,SPZO 120430Z VRB02KT 9999 SCT050 08/04 Q1037 NOSIG RMK BIRD HAZARD RWY 10/28,2025-05-12 04:30:49.979700,2025-05-12T04:30:00Z,8,4,2,,9999,1037,VFR
SPQU,SPQU 120400Z 35002KT 9999 FEW120 14/M01 Q1029 RMK PP000,2025-05-12 04:40:50.899433,2025-05-12T04:00:00Z,14,-1,2,350.0,9999,1029,VFR
SPJC,SPJC 120400Z 17006KT 8000 FEW010 18/15 Q1014 NOSIG RMK PP000,2025-05-12 04:40:51.386634,2025-05-12T04:00:00Z,18,15,6,170.0,8000,1014,MVFR
SPRU,SPRU 120400Z 13005KT 5000 BR NSC 17/16 Q1014 RMK PP000,2025-05-12 04:40:51.883706,2025-05-12T04:00:00Z,17,16,5,130.0,5000,1014,MVFR
SPZO,SPZO 120430Z VRB02KT 9999 SCT050 08/04 Q1037 NOSIG RMK BIRD HAZARD RWY 10/28,2025-05-12 04:40:52.325183,2025-05-12T04:30:00Z,8,4,2,,9999,1037,VFR
SPQU,SPQU 120400Z 35002KT 9999 FEW120 14/M01 Q1029 RMK PP000,2025-05-12 04:50:53.240913,2025-05-12T04:00:00Z,14,-1,2,350.0,9999,1029,VFR
SPJC,SPJC 120400Z 17006KT 8000 FEW010 18/15 Q1014 NOSIG RMK PP000,2025-05-12 04:50:53.701890,2025-05-12T04:00:00Z,18,15,6,170.0,8000,1014,MVFR
SPRU,SPRU 120400Z 13005KT 5000 BR NSC 17/16 Q1014 RMK PP000,2025-05-12 04:50:54.204474,2025-05-12T04:00:00Z,17,16,5,130.0,5000,1014,MVFR
SPZO,SPZO 120430Z VRB02KT 9999 SCT050 08/04 Q1037 NOSIG RMK BIRD HAZARD RWY 10/28,2025-05-12 04:50:54.653649,2025-05-12T04:30:00Z,8,4,2,,9999,1037,VFR
SPQU,SPQU 140300Z 02003KT 330V080 CAVOK 15/01 Q1027 NOSIG RMK PP000,2025-05-14 03:20:26.201359,2025-05-14T03:00:00Z,15,1,3,20,9999,1027,VFR
SPJC,SPJC 140300Z 17009KT 8000 BKN008 18/15 Q1012 NOSIG RMK PP000,2025-05-14 03:20:26.692908,2025-05-14T03:00:00Z,18,15,9,170,8000,1012,IFR
SPRU,SPRU 140300Z 15004KT 3000 BR NSC 18/16 Q1012 RMK PP000,2025-05-14 03:20:27.214246,2025-05-14T03:00:00Z,18,16,4,150,3000,1012,IFR
SPZO,SPZO 140300Z 00000KT 9999 NSC 08/M01 Q1033 NOSIG RMK BIRD HAZARD RWY 10/28 PP000,2025-05-14 03:20:27.707325,2025-05-14T03:00:00Z,8,-1,0,0,9999,1033,VFR
SPQU,SPQU 140500Z 04004KT CAVOK 14/M01 Q1026 RMK PP000,2025-05-14 05:59:09.294720,2025-05-14T05:00:00Z,14,-1,4,40,9999,1026,VFR
SPRU,SPRU 140500Z 14003KT 110V170 5000 BR NSC 18/16 Q1013 RMK PP000,2025-05-14 05:59:09.788184,2025-05-14T05:00:00Z,18,16,3,140,5000,1013,MVFR
SPZO,SPZO 140530Z 06002KT 9999 FEW080 07/M00 Q1033 NOSIG RMK BIRD HAZARD RWY 10/28,2025-05-14 05:59:10.235754,2025-05-14T05:30:00Z,7,0,2,60,9999,1033,VFR
SPJR,SPJR 132300Z 11003KT 060V150 9999 FEW020 19/06 Q1024 RMK PP000,2025-05-14 05:59:11.775592,2025-05-13T23:00:00Z,19,6,3,110,9999,1024,VFR
SPQU,SPQU 140500Z 04004KT CAVOK 14/M01 Q1026 RMK PP000,2025-05-14 05:59:39.494574,2025-05-14T05:00:00Z,14,-1,4,40,9999,1026,VFR
SPRU,SPRU 140500Z 14003KT 110V170 5000 BR NSC 18/16 Q1013 RMK PP000,2025-05-14 05:59:40.009148,2025-05-14T05:00:00Z,18,16,3,140,5000,1013,MVFR
SPZO,SPZO 140530Z 06002KT 9999 FEW080 07/M00 Q1033 NOSIG RMK BIRD HAZARD RWY 10/28,2025-05-14 05:59:40.448521,2025-05-14T05:30:00Z,7,0,2,60,9999,1033,VFR
SPJR,SPJR 132300Z 11003KT 060V150 9999 FEW020 19/06 Q1024 RMK PP000,2025-05-14 05:59:41.120395,2025-05-13T23:00:00Z,19,6,3,110,9999,1024,VFR
SPQU,SPQU 140500Z 04004KT CAVOK 14/M01 Q1026 RMK PP000,2025-05-14 06:01:46.427371,2025-05-14T05:00:00Z,14,-1,4,40,9999,1026,VFR
SPRU,SPRU 140500Z 14003KT 110V170 5000 BR NSC 18/16 Q1013 RMK PP000,2025-05-14 06:01:46.864893,2025-05-14T05:00:00Z,18,16,3,140,5000,1013,MVFR
SPZO,SPZO 140530Z 06002KT 9999 FEW080 07/M00 Q1033 NOSIG RMK BIRD HAZARD RWY 10/28,2025-05-14 06:01:47.307559,2025-05-14T05:30:00Z,7,0,2,60,9999,1033,VFR
SPJR,SPJR 132300Z 11003KT 060V150 9999 FEW020 19/06 Q1024 RMK PP000,2025-05-14 06:01:47.848649,2025-05-13T23:00:00Z,19,6,3,110,9999,1024,VFR
SPQU,SPQU 140600Z 01004KT CAVOK 15/M00 Q1025 RMK PP000,2025-05-14 06:34:10.465556,2025-05-14T06:00:00Z,15,0,4,10,9999,1025,VFR
SPRU,SPRU 140600Z 12006KT 4000 BR NSC 18/16 Q1014 RMK PP000,2025-05-14 06:34:10.925530,2025-05-14T06:00:00Z,18,16,6,120,4000,1014,IFR
SPZO,SPZO 140600Z 09001KT 9999 NSC 06/M00 Q1033 NOSIG RMK PP000,2025-05-14 06:34:11.363489,2025-05-14T06:00:00Z,6,0,1,90,9999,1033,VFR
SPJR,SPJR 132300Z 11003KT 060V150 9999 FEW020 19/06 Q1024 RMK PP000,2025-05-14 06:34:12.046428,2025-05-13T23:00:00Z,19,6,3,110,9999,1024,VFR
SPQU,SPQU 140600Z 01004KT CAVOK 15/M00 Q1025 RMK PP000,2025-05-14 06:37:04.275493,2025-05-14T06:00:00Z,15,0,4,10,9999,1025,VFR
SPRU,SPRU 140600Z 12006KT 4000 BR NSC 18/16 Q1014 RMK PP000,2025-05-14 06:37:04.775842,2025-05-14T06:00:00Z,18,16,6,120,4000,1014,IFR
SPZO,SPZO 140600Z 09001KT 9999 NSC 06/M00 Q1033 NOSIG RMK PP000,2025-05-14 06:37:05.220407,2025-05-14T06:00:00Z,6,0,1,90,9999,1033,VFR
SPJR,SPJR 132300Z 11003KT 060V150 9999 FEW020 19/06 Q1024 RMK PP000,2025-05-14 06:37:05.758247,2025-05-13T23:00:00Z,19,6,3,110,9999,1024,VFR
SPQU,SPQU 140700Z 03004KT CAVOK 13/M00 Q1024 RMK PP000,2025-05-14 07:37:13.163447,2025-05-14T07:00:00Z,13,0,4,30,9999,1024,VFR
SPRU,SPRU 140700Z 12004KT 4000 BR SCT012 17/16 Q1013 RMK PP000,2025-05-14 07:37:13.642734,2025-05-14T07:00:00Z,17,16,4,120,4000,1013,IFR
SPZO,SPZO 140700Z 30002KT 9999 NSC 05/00 Q1033 NOSIG RMK PP000,2025-05-14 07:37:14.104688,2025-05-14T07:00:00Z,5,0,2,300,9999,1033,VFR
SPJR,SPJR 132300Z 11003KT 060V150 9999 FEW020 19/06 Q1024 RMK PP000,2025-05-14 07:37:14.812393,2025-05-13T23:00:00Z,19,6,3,110,9999,1024,VFR
SPQU,SPQU 140800Z 03004KT CAVOK 13/M00 Q1024 RMK PP000,2025-05-14 08:37:22.165255,2025-05-14T08:00:00Z,13,0,4,30,9999,1024,VFR
SPRU,SPRU 140800Z 11004KT 3000 BR NSC 17/16 Q1013 RMK PP000,2025-05-14 08:37:22.654708,2025-05-14T08:00:00Z,17,16,4,110,3000,1013,IFR
SPZO,SPZO 140800Z 10002KT 9999 NSC 05/00 Q1033 NOSIG RMK PP000,2025-05-14 08:37:23.090459,2025-05-14T08:00:00Z,5,0,2,100,9999,1033,VFR
SPJR,SPJR 132300Z 11003KT 060V150 9999 FEW020 19/06 Q1024 RMK PP000,2025-05-14 08:37:23.608874,2025-05-13T23:00:00Z,19,6,3,110,9999,1024,VFR
SPQU,SPQU 140900Z 01005KT CAVOK 14/M01 Q1024 RMK PP000,2025-05-14 09:37:31.054107,2025-05-14T09:00:00Z,14,-1,5,10,9999,1024,VFR
SPRU,SPRU 140900Z 12003KT 3000 BR NSC 17/16 Q1013 RMK PP000,2025-05-14 09:37:31.534901,2025-05-14T09:00:00Z,17,16,3,120,3000,1013,IFR
SPZO,SPZO 140900Z 11002KT 9999 FEW043 04/00 Q1033 NOSIG RMK PP000,2025-05-14 09:37:31.970151,2025-05-14T09:00:00Z,4,0,2,110,9999,1033,VFR
SPJR,SPJR 132300Z 11003KT 060V150 9999 FEW020 19/06 Q1024 RMK PP000,2025-05-14 09:37:32.523233,2025-05-13T23:00:00Z,19,6,3,110,9999,1024,VFR
SPQU,SPQU 141000Z 04004KT 010V090 CAVOK 11/M01 Q1024 RMK PP000,2025-05-14 10:37:39.909319,2025-05-14T10:00:00Z,11,-1,4,40.0,9999,1024,VFR
SPRU,SPRU 141000Z 14003KT 3000 BR NSC 18/16 Q1012 RMK PP000,2025-05-14 10:37:40.395750,2025-05-14T10:00:00Z,18,16,3,140.0,3000,1012,IFR
SPZO,SPZO 141030Z 00000KT 9999 FEW043 SCT080 03/00 Q1034 NOSIG RMK BIRD HAZARD RWY 10/28 PP000,2025-05-14 10:37:40.841120,2025-05-14T10:30:00Z,3,0,0,0.0,9999,1034,VFR
SPJR,SPJR 141030Z VRB02KT CAVOK 06/06 Q1028,2025-05-14 10:37:41.287864,2025-05-14T10:30:00Z,6,6,2,,9999,1028,VFR
SPQU,SPQU 141100Z 36005KT CAVOK 13/M01 Q1025 RMK PP000,2025-05-14 11:37:48.792071,2025-05-14T11:00:00Z,13,-1,5,360.0,9999,1025,VFR
SPRU,SPRU 141100Z 17003KT 1600 BR NSC 17/16 Q1013 RMK PP000,2025-05-14 11:37:49.221885,2025-05-14T11:00:00Z,17,16,3,170.0,1600,1013,LIFR
SPZO,SPZO 141130Z 11003KT 070V130 9999 FEW043 SCT080 04/M00 Q1034 NOSIG RMK BIRD HAZARD RWY 10/28,2025-05-14 11:37:49.645797,2025-05-14T11:30:00Z,4,0,3,110.0,9999,1034,VFR
SPJR,SPJR 141130Z VRB02KT CAVOK 06/05 Q1028,2025-05-14 11:37:50.083033,2025-05-14T11:30:00Z,6,5,2,,9999,1028,VFR
SPQU,SPQU 141200Z 05006KT CAVOK 15/M00 Q1025 NOSIG RMK TN 10.3 PP000,2025-05-14 12:37:57.630112,2025-05-14T12:00:00Z,15,0,6,50.0,9999,1025,VFR
SPRU,SPRU 141200Z 15003KT 2000 BR NSC 17/16 Q1013 RMK TN17.4 PP000,2025-05-14 12:37:58.086758,2025-05-14T12:00:00Z,17,16,3,150.0,2000,1013,IFR
SPZO,SPZO 141230Z VRB02KT 9999 FEW050 08/00 Q1035 NOSIG RMK BIRD HAZARD RWY 10/28,2025-05-14 12:37:58.572082,2025-05-14T12:30:00Z,8,0,2,,9999,1035,VFR
SPJR,SPJR 141230Z VRB01KT CAVOK 11/06 Q1029,2025-05-14 12:37:59.017454,2025-05-14T12:30:00Z,11,6,1,,9999,1029,VFR
SPQU,SPQU 141300Z VRB02KT CAVOK 19/M00 Q1026 NOSIG RMK PP000,2025-05-14 13:38:06.559776,2025-05-14T13:00:00Z,19,0,2,,9999,1026,VFR
SPRU,SPRU 141300Z 15006KT 4000 BR BKN040 18/16 Q1014 RMK PP000,2025-05-14 13:38:07.000230,2025-05-14T13:00:00Z,18,16,6,150.0,4000,1014,IFR
SPZO,SPZO 141330Z VRB02KT 9999 NSC 12/01 Q1035 NOSIG RMK BIRD HAZARD RWY 10/28,2025-05-14 13:38:07.432481,2025-05-14T13:30:00Z,12,1,2,,9999,1035,VFR
SPJR,SPJR 141330Z VRB01KT CAVOK 14/07 Q1029,2025-05-14 13:38:07.866813,2025-05-14T13:30:00Z,14,7,1,,9999,1029,VFR
SPQU,SPQU 141900Z 24009KT 210V300 CAVOK 21/01 Q1025 NOSIG RMK PP000,2025-05-14 19:57:12.461868,2025-05-14T19:00:00Z,21,1,9,240,9999,1025,VFR
SPRU,SPRU 141900Z 16010KT 8000 FEW060 20/16 Q1012 RMK PP000,2025-05-14 19:57:12.941807,2025-05-14T19:00:00Z,20,16,10,160,8000,1012,MVFR
SPZO,SPZO 141930Z 29005KT 200V340 9999 FEW060 22/M02 Q1029 NOSIG RMK BIRD HAZARD RWY 10/28,2025-05-14 19:57:13.375936,2025-05-14T19:30:00Z,22,-2,5,290,9999,1029,VFR
SPJR,SPJR 141930Z 15010KT 110V180 9999 SCT020 24/06 Q1024,2025-05-14 19:57:13.850182,2025-05-14T19:30:00Z,24,6,10,150,9999,1024,VFR
SPQU,SPQU 142000Z 26009KT 200V290 CAVOK 20/01 Q1025 NOSIG RMK PP000,2025-05-14 20:57:22.339247,2025-05-14T20:00:00Z,20,1,9,260.0,9999,1025,VFR
SPRU,SPRU 142000Z 16009KT 8000 NSC 21/16 Q1011 RMK PP000,2025-05-14 20:57:22.831285,2025-05-14T20:00:00Z,21,16,9,160.0,8000,1011,MVFR
SPZO,SPZO 142030Z VRB02KT 9999 FEW060 21/M01 Q1028 NOSIG RMK BIRD HAZARD RWY 10/28,2025-05-14 20:57:23.293211,2025-05-14T20:30:00Z,21,-1,2,,9999,1028,VFR
SPJR,SPJR 142030Z 07004KT 020V130 9999 SCT020 22/09 Q1023,2025-05-14 20:57:23.734197,2025-05-14T20:30:00Z,22,9,4,70.0,9999,1023,VFR
SPQU,SPQU 142100Z 25007KT 210V290 CAVOK 19/04 Q1025 NOSIG RMK PP000,2025-05-14 21:57:31.210891,2025-05-14T21:00:00Z,19,4,7,250,9999,1025,VFR
SPRU,SPRU 142100Z 16010KT 8000 NSC 20/16 Q1010 RMK PP000,2025-05-14 21:57:31.692059,2025-05-14T21:00:00Z,20,16,10,160,8000,1010,MVFR
SPZO,SPZO 142130Z 04005KT 320V100 9999 FEW060 20/02 Q1028 NOSIG RMK BIRD HAZARD RWY 10/28,2025-05-14 21:57:32.136975,2025-05-14T21:30:00Z,20,2,5,40,9999,1028,VFR
SPJR,SPJR 142130Z 17008KT 9999 SCT020 21/10 Q1023,2025-05-14 21:57:32.569116,2025-05-14T21:30:00Z,21,10,8,170,9999,1023,VFR
SPQU,SPQU 142200Z 28006KT CAVOK 16/06 Q1026 NOSIG RMK TX 22.6 PP000,2025-05-14 22:57:39.996415,2025-05-14T22:00:00Z,16,6,6,280,9999,1026,VFR
SPRU,SPRU 142200Z 16009KT 7000 NSC 19/16 Q1011 RMK TX20.3 PP000,2025-05-14 22:57:40.502541,2025-05-14T22:00:00Z,19,16,9,160,7000,1011,MVFR
SPZO,SPZO 142230Z 07004KT 360V140 9999 NSC 17/03 Q1029 NOSIG RMK BIRD HAZARD RWY 10/28,2025-05-14 22:57:40.925170,2025-05-14T22:30:00Z,17,3,4,70,9999,1029,VFR
SPJR,SPJR 142230Z 12006KT 9999 FEW020 18/10 Q1024,2025-05-14 22:57:41.431160,2025-05-14T22:30:00Z,18,10,6,120,9999,1024,VFR
SPQU,SPQU 142300Z 27006KT CAVOK 14/06 Q1027 NOSIG RMK PP000,2025-05-14 23:57:49.035236,2025-05-14T23:00:00Z,14,6,6,270,9999,1027,VFR
SPRU,SPRU 142300Z 15009KT 6000 FEW150 19/16 Q1011 RMK PP000,2025-05-14 23:57:49.551180,2025-05-14T23:00:00Z,19,16,9,150,6000,1011,MVFR
SPZO,SPZO 142330Z 06005KT 030V130 9999 NSC 15/03 Q1030 NOSIG RMK BIRD HAZARD RWY 10/28,2025-05-14 23:57:49.994779,2025-05-14T23:30:00Z,15,3,5,60,9999,1030,VFR
SPJR,SPJR 142300Z 13007KT 9999 FEW020 17/10 Q1024 RMK PP000,2025-05-14 23:57:50.496434,2025-05-14T23:00:00Z,17,10,7,130,9999,1024,VFR
SPQU,SPQU 150000Z 00000KT CAVOK 13/06 Q1027 NOSIG RMK PP000,2025-05-15 00:57:57.909566,2025-05-15T00:00:00Z,13,6,0,0,9999,1027,VFR
SPRU,SPRU 150000Z 14007KT 4000 BR FEW150 18/17 Q1011 RMK PP000,2025-05-15 00:57:58.413233,2025-05-15T00:00:00Z,18,17,7,140,4000,1011,IFR
SPZO,SPZO 150030Z 09003KT 050V120 9999 NSC 12/04 Q1031 NOSIG RMK BIRD HAZARD RWY 10/28,2025-05-15 00:57:58.893539,2025-05-15T00:30:00Z,12,4,3,90,9999,1031,VFR
SPJR,SPJR 142300Z 13007KT 9999 FEW020 17/10 Q1024 RMK PP000,2025-05-15 00:57:59.568376,2025-05-14T23:00:00Z,17,10,7,130,9999,1024,VFR
SPQU,SPQU 150100Z 09004KT CAVOK 12/06 Q1027 NOSIG RMK PP000,2025-05-15 01:58:06.965560,2025-05-15T01:00:00Z,12,6,4,90.0,9999,1027,VFR
SPRU,SPRU 150100Z 14007KT 4300 BR NSC 19/16 Q1012 RMK PP000,2025-05-15 01:58:07.451727,2025-05-15T01:00:00Z,19,16,7,140.0,4300,1012,IFR
SPZO,SPZO 150130Z VRB01KT 9999 NSC 11/04 Q1032 NOSIG RMK BIRD HAZARD RWY 10/28,2025-05-15 01:58:07.897054,2025-05-15T01:30:00Z,11,4,1,,9999,1032,VFR
SPJR,SPJR 142300Z 13007KT 9999 FEW020 17/10 Q1024 RMK PP000,2025-05-15 01:58:08.526133,2025-05-14T23:00:00Z,17,10,7,130.0,9999,1024,VFR
SPQU,SPQU 150100Z 09004KT CAVOK 12/06 Q1027 NOSIG RMK PP000,2025-05-15 02:01:01.634541,2025-05-15T01:00:00Z,12,6,4,90.0,9999,1027,VFR
SPRU,SPRU 150100Z 14007KT 4300 BR NSC 19/16 Q1012 RMK PP000,2025-05-15 02:01:02.133480,2025-05-15T01:00:00Z,19,16,7,140.0,4300,1012,IFR
SPZO,SPZO 150130Z VRB01KT 9999 NSC 11/04 Q1032 NOSIG RMK BIRD HAZARD RWY 10/28,2025-05-15 02:01:02.633493,2025-05-15T01:30:00Z,11,4,1,,9999,1032,VFR
SPJR,SPJR 142300Z 13007KT 9999 FEW020 17/10 Q1024 RMK PP000,2025-05-15 02:01:03.232420,2025-05-14T23:00:00Z,17,10,7,130.0,9999,1024,VFR
SPQU,SPQU 150200Z 09005KT CAVOK 12/05 Q1027 NOSIG RMK PP000,2025-05-15 03:01:11.190999,2025-05-15T02:00:00Z,12,5,5,90,9999,1027,VFR
SPRU,SPRU 150200Z 16007KT 4100 BR NSC 18/16 Q1012 RMK PP000,2025-05-15 03:01:11.806457,2025-05-15T02:00:00Z,18,16,7,160,4100,1012,IFR
SPZO,SPZO 150230Z 29005KT 9999 NSC 09/04 Q1033 NOSIG RMK BIRD HAZARD RWY 10/28,2025-05-15 03:01:12.251723,2025-05-15T02:30:00Z,9,4,5,290,9999,1033,VFR
SPJR,SPJR 142300Z 13007KT 9999 FEW020 17/10 Q1024 RMK PP000,2025-05-15 03:01:12.842158,2025-05-14T23:00:00Z,17,10,7,130,9999,1024,VFR
SPQU,SPQU 150300Z 01003KT CAVOK 13/01 Q1027 NOSIG RMK PP000,2025-05-15 04:01:21.250497,2025-05-15T03:00:00Z,13,1,3,10,9999,1027,VFR
SPRU,SPRU 150300Z 15005KT 120V180 3800 BR NSC 18/17 Q1013 RMK PP000,2025-05-15 04:01:21.833854,2025-05-15T03:00:00Z,18,17,5,150,3800,1013,IFR
SPZO,SPZO 150330Z 28002KT 9999 NSC 07/03 Q1033 NOSIG RMK BIRD HAZARD RWY 10/28,2025-05-15 04:01:22.267074,2025-05-15T03:30:00Z,7,3,2,280,9999,1033,VFR
SPJR,SPJR 142300Z 13007KT 9999 FEW020 17/10 Q1024 RMK PP000,2025-05-15 04:01:22.784349,2025-05-14T23:00:00Z,17,10,7,130,9999,1024,VFR
SPQU,SPQU 150400Z 36003KT 320V030 CAVOK 12/00 Q1027 RMK PP000,2025-05-15 05:01:31.176116,2025-05-15T04:00:00Z,12,0,3,360,9999,1027,VFR
SPRU,SPRU 150400Z 14006KT 4000 BR NSC 18/16 Q1013 RMK PP000,2025-05-15 05:01:31.668355,2025-05-15T04:00:00Z,18,16,6,140,4000,1013,IFR
SPZO,SPZO 150430Z 28002KT 9999 NSC 06/03 Q1033 NOSIG RMK BIRD HAZARD RWY 10/28,2025-05-15 05:01:32.102554,2025-05-15T04:30:00Z,6,3,2,280,9999,1033,VFR
SPJR,SPJR 142300Z 13007KT 9999 FEW020 17/10 Q1024 RMK PP000,2025-05-15 05:01:32.731116,2025-05-14T23:00:00Z,17,10,7,130,9999,1024,VFR
SPQU,SPQU 150500Z VRB02KT CAVOK 12/01 Q1027 RMK PP000,2025-05-15 06:01:40.397392,2025-05-15T05:00:00Z,12,1,2,,9999,1027,VFR
SPRU,SPRU 150500Z 15007KT 4100 BR NSC 18/16 Q1014 RMK PP000,2025-05-15 06:01:40.886300,2025-05-15T05:00:00Z,18,16,7,150.0,4100,1014,IFR
SPZO,SPZO 150530Z 00000KT 9999 NSC 06/03 Q1033 NOSIG RMK BIRD HAZARD RWY 10/28,2025-05-15 06:01:41.388278,2025-05-15T05:30:00Z,6,3,0,0.0,9999,1033,VFR
SPJR,SPJR 142300Z 13007KT 9999 FEW020 17/10 Q1024 RMK PP000,2025-05-15 06:01:41.905847,2025-05-14T23:00:00Z,17,10,7,130.0,9999,1024,VFR
SPQU,SPQU 150600Z VRB02KT CAVOK 12/M00 Q1026 RMK PP000,2025-05-15 07:01:49.328340,2025-05-15T06:00:00Z,12,0,2,,9999,1026,VFR
SPRU,SPRU 150600Z 15006KT 3500 BR NSC 18/16 Q1013 RMK PP000,2025-05-15 07:01:49.770336,2025-05-15T06:00:00Z,18,16,6,150.0,3500,1013,IFR
SPZO,SPZO 150600Z VRB02KT 9999 NSC 06/03 Q1033 NOSIG RMK BIRD HAZARD RWY 10/28 PP000,2025-05-15 07:01:50.250095,2025-05-15T06:00:00Z,6,3,2,,9999,1033,VFR
SPJR,SPJR 142300Z 13007KT 9999 FEW020 17/10 Q1024 RMK PP000,2025-05-15 07:01:50.964007,2025-05-14T23:00:00Z,17,10,7,130.0,9999,1024,VFR
SPQU,SPQU 150700Z 29002KT CAVOK 12/02 Q1026 RMK PP000,2025-05-15 08:01:58.830606,2025-05-15T07:00:00Z,12,2,2,290,9999,1026,VFR
SPRU,SPRU 150700Z 14005KT 3500 BR NSC 18/16 Q1013 RMK PP000,2025-05-15 08:01:59.724494,2025-05-15T07:00:00Z,18,16,5,140,3500,1013,IFR
SPZO,SPZO 150800Z 10001KT 9999 NSC 05/03 Q1032 NOSIG RMK PP000,2025-05-15 08:02:00.242127,2025-05-15T08:00:00Z,5,3,1,100,9999,1032,VFR
SPJR,SPJR 142300Z 13007KT 9999 FEW020 17/10 Q1024 RMK PP000,2025-05-15 08:02:01.904701,2025-05-14T23:00:00Z,17,10,7,130,9999,1024,VFR
SPQU,SPQU 150800Z 34004KT CAVOK 10/01 Q1026 RMK PP000,2025-05-15 09:02:11.964831,2025-05-15T08:00:00Z,10,1,4,340,9999,1026,VFR
SPRU,SPRU 150800Z 14005KT 3100 BR NSC 18/16 Q1012 RMK PP000,2025-05-15 09:02:12.470760,2025-05-15T08:00:00Z,18,16,5,140,3100,1012,IFR
SPZO,SPZO 150800Z 10001KT 9999 NSC 05/03 Q1032 NOSIG RMK PP000,2025-05-15 09:02:13.433575,2025-05-15T08:00:00Z,5,3,1,100,9999,1032,VFR
SPJR,SPJR 142300Z 13007KT 9999 FEW020 17/10 Q1024 RMK PP000,2025-05-15 09:02:17.863981,2025-05-14T23:00:00Z,17,10,7,130,9999,1024,VFR
SPQU,SPQU 151000Z 36004KT CAVOK 10/00 Q1025 RMK PP000,2025-05-15 10:02:26.642299,2025-05-15T10:00:00Z,10,0,4,360.0,9999,1025,VFR
SPRU,SPRU 151000Z 16004KT 1800 BR NSC 17/16 Q1012 RMK PP000,2025-05-15 10:02:27.076243,2025-05-15T10:00:00Z,17,16,4,160.0,1800,1012,IFR
SPZO,SPZO 151000Z 00000KT 9999 NSC 04/02 Q1033 NOSIG RMK PP000,2025-05-15 10:02:27.575889,2025-05-15T10:00:00Z,4,2,0,0.0,9999,1033,VFR
SPJR,SPJR 151000Z VRB01KT CAVOK 08/07 Q1027 RMK PP000,2025-05-15 10:02:28.150591,2025-05-15T10:00:00Z,8,7,1,,9999,1027,VFR
SPQU,SPQU 151100Z 35006KT CAVOK 11/M01 Q1025 RMK PP000,2025-05-15 11:02:35.771935,2025-05-15T11:00:00Z,11,-1,6,350,9999,1025,VFR
SPRU,SPRU 151100Z 12002KT 1600 BR SCT002 17/16 Q1012 RMK PP000,2025-05-15 11:02:37.788810,2025-05-15T11:00:00Z,17,16,2,120,1600,1012,LIFR
SPZO,SPZO 151100Z 07003KT 9999 NSC 03/01 Q1034 NOSIG RMK BIRD HAZARD RWY 10/28 PP000,2025-05-15 11:02:39.083767,2025-05-15T11:00:00Z,3,1,3,70,9999,1034,VFR
SPJR,SPJR 151100Z 36002KT CAVOK 08/07 Q1027 RMK PP000,2025-05-15 11:02:39.558700,2025-05-15T11:00:00Z,8,7,2,360,9999,1027,VFR
SPQU,SPQU 151100Z 35006KT CAVOK 11/M01 Q1025 RMK PP000,2025-05-15 12:02:47.279515,2025-05-15T11:00:00Z,11,-1,6,350,9999,1025,VFR
SPRU,SPRU 151100Z 12002KT 1600 BR SCT002 17/16 Q1012 RMK PP000,2025-05-15 12:02:47.974636,2025-05-15T11:00:00Z,17,16,2,120,1600,1012,LIFR
SPZO,SPZO 151130Z 10002KT 9999 SCT040 04/02 Q1034 NOSIG RMK BIRD HAZARD RWY 10/28,2025-05-15 12:02:48.485190,2025-05-15T11:30:00Z,4,2,2,100,9999,1034,VFR
SPJR,SPJR 151130Z 36002KT CAVOK 07/07 Q1027,2025-05-15 12:02:49.102431,2025-05-15T11:30:00Z,7,7,2,360,9999,1027,VFR
SPQU,SPQU 151200Z 01003KT 320V110 CAVOK 13/M01 Q1026 NOSIG RMK TN7.7 PP000,2025-05-15 13:02:56.651660,2025-05-15T12:00:00Z,13,-1,3,10.0,9999,1026,VFR
SPRU,SPRU 151200Z 16004KT 3000 BR NSC 17/16 Q1012 RMK TN17.2 PP000,2025-05-15 13:02:57.145451,2025-05-15T12:00:00Z,17,16,4,160.0,3000,1012,IFR
SPZO,SPZO 151230Z VRB02KT 9999 FEW025 BKN040 OVC070 07/04 Q1034 NOSIG RMK BIRD HAZARD RWY 10/28,2025-05-15 13:02:57.668604,2025-05-15T12:30:00Z,7,4,2,,9999,1034,VFR
SPJR,SPJR 151230Z 00000KT CAVOK 11/08 Q1028,2025-05-15 13:02:58.116406,2025-05-15T12:30:00Z,11,8,0,0.0,9999,1028,VFR
SPQU,SPQU 151400Z 23005KT 200V270 CAVOK 18/01 Q1027 NOSIG RMK PP000,2025-05-15 14:03:05.783465,2025-05-15T14:00:00Z,18,1,5,230.0,9999,1027,VFR
SPRU,SPRU 151400Z 16004KT 110V190 3000 BR NSC 19/17 Q1013 RMK PP000,2025-05-15 14:03:06.413849,2025-05-15T14:00:00Z,19,17,4,160.0,3000,1013,IFR
SPZO,SPZO 151400Z VRB02KT 9999 FEW030 BKN040 OVC070 10/04 Q1035 NOSIG RMK BIRD HAZARD RWY 10/28 PP000,2025-05-15 14:03:06.961479,2025-05-15T14:00:00Z,10,4,2,,9999,1035,VFR
SPJR,SPJR 151330Z VRB02KT CAVOK 15/08 Q1028,2025-05-15 14:03:08.327165,2025-05-15T13:30:00Z,15,8,2,,9999,1028,VFR
SPQU,SPQU 151500Z 27007KT 230V290 CAVOK 19/M01 Q1027 NOSIG RMK PP000,2025-05-15 15:03:15.926411,2025-05-15T15:00:00Z,19,-1,7,270.0,9999,1027,VFR
SPRU,SPRU 151500Z 19007KT 7000 NSC 19/17 Q1013 RMK PP000,2025-05-15 15:03:16.409876,2025-05-15T15:00:00Z,19,17,7,190.0,7000,1013,MVFR
SPZO,SPZO 151500Z VRB03KT 9999 SCT040 BKN080 14/04 Q1035 NOSIG RMK BIRD HAZARD RWY 10/28 PP000,2025-05-15 15:03:16.898914,2025-05-15T15:00:00Z,14,4,3,,9999,1035,VFR
SPJR,SPJR 151500Z VRB04KT CAVOK 18/09 Q1028 RMK PP000,2025-05-15 15:03:17.347533,2025-05-15T15:00:00Z,18,9,4,,9999,1028,VFR
SPQU,SPQU 151600Z 25008KT 210V300 CAVOK 19/01 Q1026 NOSIG RMK PP000,2025-05-15 16:03:24.937782,2025-05-15T16:00:00Z,19,1,8,250.0,9999,1026,VFR
SPRU,SPRU 151600Z 19007KT 9000 NSC 20/17 Q1013 RMK BCFG N PP000,2025-05-15 16:03:25.436307,2025-05-15T16:00:00Z,20,17,7,190.0,9000,1013,VFR
SPZO,SPZO 151600Z VRB04KT 9999 FEW043 16/04 Q1034 NOSIG RMK BIRD HAZARD RWY 10/28 PP000,2025-05-15 16:03:25.868263,2025-05-15T16:00:00Z,16,4,4,,9999,1034,VFR
SPJR,SPJR 151600Z VRB04KT 9999 FEW025 20/09 Q1028 RMK PP000,2025-05-15 16:03:26.303724,2025-05-15T16:00:00Z,20,9,4,,9999,1028,VFR
SPQU,SPQU 151700Z 26009KT 220V300 CAVOK 18/03 Q1026 NOSIG RMK PP000,2025-05-15 17:03:34.623614,2025-05-15T17:00:00Z,18,3,9,260,9999,1026,VFR
SPRU,SPRU 151700Z 19008KT 9000 NSC 20/17 Q1013 RMK HORIZONTE BRUMOSO PP000,2025-05-15 17:03:35.110785,2025-05-15T17:00:00Z,20,17,8,190,9000,1013,VFR
SPZO,SPZO 151700Z 03005KT 330V080 9999 NSC 17/03 Q1032 NOSIG RMK BIRD HAZARD RWY 10/28 PP000,2025-05-15 17:03:35.606446,2025-05-15T17:00:00Z,17,3,5,30,9999,1032,VFR
SPJR,SPJR 151700Z 17007KT 130V210 9999 FEW025 22/09 Q1027 RMK PP000,2025-05-15 17:03:36.050829,2025-05-15T17:00:00Z,22,9,7,170,9999,1027,VFR
SPQU,SPQU 151800Z 24007KT 210V280 CAVOK 18/04 Q1025 NOSIG RMK PP000,2025-05-15 18:03:43.636924,2025-05-15T18:00:00Z,18,4,7,240.0,9999,1025,VFR
SPRU,SPRU 151800Z 19009KT 9999 FEW015 20/17 Q1012 RMK PP000,2025-05-15 18:03:44.168268,2025-05-15T18:00:00Z,20,17,9,190.0,9999,1012,VFR
SPZO,SPZO 151800Z VRB03KT 9999 NSC 20/M01 Q1030 NOSIG RMK BIRD HAZARD RWY 10/28 PP000,2025-05-15 18:03:44.676733,2025-05-15T18:00:00Z,20,-1,3,,9999,1030,VFR
SPJR,SPJR 151800Z 12007KT 030V180 9999 FEW025 22/08 Q1026 RMK PP000,2025-05-15 18:03:45.119261,2025-05-15T18:00:00Z,22,8,7,120.0,9999,1026,VFR
SPQU,SPQU 151900Z 27009KT 220V300 CAVOK 18/04 Q1025 NOSIG RMK PP000,2025-05-15 19:03:54.242449,2025-05-15T19:00:00Z,18,4,9,270.0,9999,1025,VFR
SPRU,SPRU 151900Z 17007KT 130V200 9999 FEW015 21/17 Q1011 RMK PP000,2025-05-15 19:03:54.743266,2025-05-15T19:00:00Z,21,17,7,170.0,9999,1011,VFR
SPZO,SPZO 151900Z VRB06KT 9999 NSC 21/M02 Q1029 NOSIG RMK BIRD HAZARD RWY 10/28 PP000,2025-05-15 19:03:55.223416,2025-05-15T19:00:00Z,21,-2,6,,9999,1029,VFR
SPJR,SPJR 151900Z 15005KT 100V220 9999 SCT025 23/06 Q1025 RMK PP000,2025-05-15 19:03:55.661755,2025-05-15T19:00:00Z,23,6,5,150.0,9999,1025,VFR
SPQU,SPQU 152000Z 24007KT 170V330 CAVOK 18/05 Q1025 NOSIG RMK PP000,2025-05-15 20:04:03.336624,2025-05-15T20:00:00Z,18,5,7,240,9999,1025,VFR
SPRU,SPRU 152000Z 17008KT 9000 NSC 20/17 Q1011 RMK PP000,2025-05-15 20:04:03.776011,2025-05-15T20:00:00Z,20,17,8,170,9000,1011,VFR
SPZO,SPZO 152000Z 36006KT 310V040 9999 NSC 21/M10 Q1028 NOSIG RMK BIRD HAZARD RWY 10/28 PP000,2025-05-15 20:04:04.214171,2025-05-15T20:00:00Z,21,-10,6,360,9999,1028,VFR
SPJR,SPJR 152000Z 08006KT 030V110 9999 SCT025 22/06 Q1024 RMK PP000,2025-05-15 20:04:04.721502,2025-05-15T20:00:00Z,22,6,6,80,9999,1024,VFR
SPQU,SPQU 152100Z 26008KT 220V290 CAVOK 16/05 Q1025 NOSIG RMK PP000,2025-05-15 21:04:12.411349,2025-05-15T21:00:00Z,16,5,8,260.0,9999,1025,VFR
SPRU,SPRU 152100Z 17008KT CAVOK 20/17 Q1010 RMK PP000,2025-05-15 21:04:12.906293,2025-05-15T21:00:00Z,20,17,8,170.0,9999,1010,VFR
SPZO,SPZO 152100Z VRB08KT 9999 NSC 20/M11 Q1028 NOSIG RMK BIRD HAZARD RWY 10/28 PP000,2025-05-15 21:04:13.398241,2025-05-15T21:00:00Z,20,-11,8,,9999,1028,VFR
SPJR,SPJR 152100Z 07005KT 040V100 9999 SCT025 22/07 Q1024 RMK PP000,2025-05-15 21:04:13.908256,2025-05-15T21:00:00Z,22,7,5,70.0,9999,1024,VFR
SPQU,SPQU 152200Z 26008KT 220V290 CAVOK 15/06 Q1025 NOSIG RMK TX20.1 PP000,2025-05-15 22:04:21.565578,2025-05-15T22:00:00Z,15,6,8,260,9999,1025,VFR
SPRU,SPRU 152200Z 15009KT 9000 NSC 20/17 Q1010 RMK TX20.1 PP000,2025-05-15 22:04:22.030659,2025-05-15T22:00:00Z,20,17,9,150,9000,1010,VFR
SPZO,SPZO 152200Z 04007KT 360V080 9999 NSC 19/M08 Q1028 NOSIG RMK BIRD HAZARD RWY 10/28 TX21.4 PP000,2025-05-15 22:04:22.675687,2025-05-15T22:00:00Z,19,-8,7,40,9999,1028,VFR
SPJR,SPJR 152200Z 17007KT 140V200 9999 FEW025 20/10 Q1024 RMK TX23.4 PP000,2025-05-15 22:04:23.111329,2025-05-15T22:00:00Z,20,10,7,170,9999,1024,VFR
SPQU,SPQU 152300Z 27004KT CAVOK 13/07 Q1026 NOSIG RMK PP000,2025-05-15 23:04:30.738135,2025-05-15T23:00:00Z,13,7,4,270,9999,1026,VFR
SPRU,SPRU 152300Z 16009KT 9999 SCT150 20/17 Q1010 RMK PP000,2025-05-15 23:04:31.170767,2025-05-15T23:00:00Z,20,17,9,160,9999,1010,VFR
SPZO,SPZO 152300Z 27008KT 240V300 9999 NSC 15/M05 Q1028 NOSIG RMK BIRD HAZARD RWY 10/28 PP000,2025-05-15 23:04:31.608523,2025-05-15T23:00:00Z,15,-5,8,270,9999,1028,VFR
SPJR,SPJR 152300Z 09004KT 060V150 9999 FEW025 16/10 Q1025 RMK PP000,2025-05-15 23:04:32.105158,2025-05-15T23:00:00Z,16,10,4,90,9999,1025,VFR
SPQU,SPQU 160000Z VRB02KT CAVOK 12/08 Q1026 RMK PP000,2025-05-16 00:04:39.917399,2025-05-16T00:00:00Z,12,8,2,,9999,1026,VFR
SPRU,SPRU 160000Z 15006KT 9000 SCT150 19/17 Q1012 RMK PP000,2025-05-16 00:04:40.385300,2025-05-16T00:00:00Z,19,17,6,150.0,9000,1012,VFR
SPZO,SPZO 160000Z 24003KT 190V310 9999 NSC 14/M05 Q1030 NOSIG RMK BIRD HAZARD RWY 10/28 PP000,2025-05-16 00:04:40.815401,2025-05-16T00:00:00Z,14,-5,3,240.0,9999,1030,VFR
SPJR,SPJR 152300Z 09004KT 060V150 9999 FEW025 16/10 Q1025 RMK PP000,2025-05-16 00:04:41.303480,2025-05-15T23:00:00Z,16,10,4,90.0,9999,1025,VFR
SPQU,SPQU 160100Z VRB02KT CAVOK 12/07 Q1027 RMK PP000,2025-05-16 01:04:48.923674,2025-05-16T01:00:00Z,12,7,2,,9999,1027,VFR
SPRU,SPRU 160100Z 14007KT 6000 BKN100 19/17 Q1012 RMK PP000,2025-05-16 01:04:49.385812,2025-05-16T01:00:00Z,19,17,7,140.0,6000,1012,MVFR
SPZO,SPZO 160100Z VRB02KT 9999 NSC 10/M03 Q1031 NOSIG RMK BIRD HAZARD RWY 10/28 PP000,2025-05-16 01:04:49.815236,2025-05-16T01:00:00Z,10,-3,2,,9999,1031,VFR
SPJR,SPJR 152300Z 09004KT 060V150 9999 FEW025 16/10 Q1025 RMK PP000,2025-05-16 01:04:50.408493,2025-05-15T23:00:00Z,16,10,4,90.0,9999,1025,VFR
SPQU,SPQU 160200Z VRB02KT CAVOK 11/06 Q1027 RMK PP000,2025-05-16 02:04:58.153876,2025-05-16T02:00:00Z,11,6,2,,9999,1027,VFR
SPRU,SPRU 160200Z 13008KT 5000 BR BKN100 19/17 Q1013 RMK PP000,2025-05-16 02:04:58.580851,2025-05-16T02:00:00Z,19,17,8,130.0,5000,1013,MVFR
SPZO,SPZO 160200Z 08002KT 9999 NSC 08/M02 Q1032 NOSIG RMK BIRD HAZARD RWY 10/28 PP000,2025-05-16 02:04:59.147205,2025-05-16T02:00:00Z,8,-2,2,80.0,9999,1032,VFR
SPJR,SPJR 152300Z 09004KT 060V150 9999 FEW025 16/10 Q1025 RMK PP000,2025-05-16 02:04:59.850729,2025-05-15T23:00:00Z,16,10,4,90.0,9999,1025,VFR
SPQU,SPQU 160300Z 04005KT CAVOK 11/05 Q1028 RMK PP000,2025-05-16 03:05:07.484130,2025-05-16T03:00:00Z,11,5,5,40,9999,1028,VFR
SPRU,SPRU 160300Z 13009KT 5000 BR BKN150 19/17 Q1014 RMK PP000,2025-05-16 03:05:07.918144,2025-05-16T03:00:00Z,19,17,9,130,5000,1014,MVFR
SPZO,SPZO 160300Z 27003KT 9999 NSC 07/02 Q1032 NOSIG RMK BIRD HAZARD RWY 10/28 PP000,2025-05-16 03:05:08.354910,2025-05-16T03:00:00Z,7,2,3,270,9999,1032,VFR
SPJR,SPJR 152300Z 09004KT 060V150 9999 FEW025 16/10 Q1025 RMK PP000,2025-05-16 03:05:08.913927,2025-05-15T23:00:00Z,16,10,4,90,9999,1025,VFR
SPQU,SPQU 160400Z 02003KT CAVOK 11/06 Q1027 RMK PP000,2025-05-16 04:05:16.645034,2025-05-16T04:00:00Z,11,6,3,20.0,9999,1027,VFR
SPRU,SPRU 160400Z 13008KT 5000 BR BKN120 19/17 Q1014 RMK PP000,2025-05-16 04:05:17.111731,2025-05-16T04:00:00Z,19,17,8,130.0,5000,1014,MVFR
SPZO,SPZO 160400Z VRB01KT 9999 NSC 07/02 Q1033 NOSIG RMK BIRD HAZARD RWY 10/28 PP000,2025-05-16 04:05:17.603990,2025-05-16T04:00:00Z,7,2,1,,9999,1033,VFR
SPJR,SPJR 152300Z 09004KT 060V150 9999 FEW025 16/10 Q1025 RMK PP000,2025-05-16 04:05:18.204549,2025-05-15T23:00:00Z,16,10,4,90.0,9999,1025,VFR
SPQU,SPQU 161400Z 18003KT 140V240 CAVOK 16/03 Q1028 NOSIG RMK PP000,2025-05-16 14:38:42.173509,2025-05-16T14:00:00Z,16,3,3,180.0,9999,1028,VFR
SPRU,SPRU 161400Z 17008KT 8000 NSC 19/17 Q1015 RMK PP000,2025-05-16 14:38:42.601355,2025-05-16T14:00:00Z,19,17,8,170.0,8000,1015,MVFR
SPZO,SPZO 161430Z VRB03KT 9999 NSC 13/04 Q1034 NOSIG RMK BIRD HAZARD RWY 10/28,2025-05-16 14:38:43.112880,2025-05-16T14:30:00Z,13,4,3,,9999,1034,VFR
SPJR,SPJR 161430Z VRB02KT 9999 FEW020 BKN070 15/09 Q1030,2025-05-16 14:38:43.640146,2025-05-16T14:30:00Z,15,9,2,,9999,1030,VFR
SPQU,SPQU 161500Z 25004KT 190V330 CAVOK 16/04 Q1028 NOSIG RMK PP000,2025-05-16 15:38:51.287033,2025-05-16T15:00:00Z,16,4,4,250.0,9999,1028,VFR
SPRU,SPRU 161400Z 17008KT 8000 NSC 19/17 Q1015 RMK PP000,2025-05-16 15:38:51.917094,2025-05-16T14:00:00Z,19,17,8,170.0,8000,1015,MVFR
SPZO,SPZO 161530Z 01003KT 290V090 9999 NSC 16/03 Q1033 NOSIG RMK BIRD HAZARD RWY 10/28,2025-05-16 15:38:52.359226,2025-05-16T15:30:00Z,16,3,3,10.0,9999,1033,VFR
SPJR,SPJR 161530Z VRB02KT 9999 FEW020 BKN070 17/09 Q1030,2025-05-16 15:38:52.803594,2025-05-16T15:30:00Z,17,9,2,,9999,1030,VFR
SPQU,SPQU 161600Z 24007KT 200V290 CAVOK 17/01 Q1029 NOSIG RMK PP000,2025-05-16 16:39:00.487130,2025-05-16T16:00:00Z,17,1,7,240.0,9999,1029,VFR
SPRU,SPRU 161600Z 18009KT 7000 NSC 20/17 Q1014 RMK PP000,2025-05-16 16:39:01.021987,2025-05-16T16:00:00Z,20,17,9,180.0,7000,1014,MVFR
SPZO,SPZO 161630Z VRB04KT 9999 NSC 18/M00 Q1032 NOSIG RMK BIRD HAZARD RWY 10/28,2025-05-16 16:39:01.515960,2025-05-16T16:30:00Z,18,0,4,,9999,1032,VFR
SPJR,SPJR 161630Z VRB02KT 9999 FEW020 BKN070 19/08 Q1029,2025-05-16 16:39:01.957799,2025-05-16T16:30:00Z,19,8,2,,9999,1029,VFR
SPQU,SPQU 161700Z 25008KT 200V290 CAVOK 17/04 Q1029 NOSIG RMK PP000,2025-05-16 17:39:09.741048,2025-05-16T17:00:00Z,17,4,8,250.0,9999,1029,VFR
SPRU,SPRU 161700Z 16010KT 7000 SCT003 20/17 Q1014 RMK HZ PP000,2025-05-16 17:39:10.193497,2025-05-16T17:00:00Z,20,17,10,160.0,7000,1014,MVFR
SPZO,SPZO 161730Z VRB05KT 9999 NSC 19/00 Q1031 NOSIG RMK BIRD HAZARD RWY 10/28,2025-05-16 17:39:10.639229,2025-05-16T17:30:00Z,19,0,5,,9999,1031,VFR
SPJR,SPJR 161730Z VRB02KT 9999 FEW023 SCT070 20/07 Q1028,2025-05-16 17:39:11.137248,2025-05-16T17:30:00Z,20,7,2,,9999,1028,VFR
SPQU,SPQU 161800Z 25008KT 190V300 CAVOK 18/03 Q1028 NOSIG RMK PP000,2025-05-16 18:16:59.524603,2025-05-16T18:00:00Z,18,3,8,250.0,9999,1028,VFR
SPRU,SPRU 161800Z 17010KT 7000 SCT003 20/17 Q1014 RMK PP000,2025-05-16 18:17:00.056030,2025-05-16T18:00:00Z,20,17,10,170.0,7000,1014,MVFR
SPZO,SPZO 161800Z VRB06KT 9999 NSC 20/M01 Q1030 NOSIG RMK BIRD HAZARD RWY 10/28 PP000,2025-05-16 18:17:00.550591,2025-05-16T18:00:00Z,20,-1,6,,9999,1030,VFR
SPJR,SPJR 161800Z VRB03KT 9999 FEW025 SCT070 21/07 Q1027 RMK PP000,2025-05-16 18:17:00.993224,2025-05-16T18:00:00Z,21,7,3,,9999,1027,VFR
SPQU,SPQU 161900Z 24007KT 190V290 CAVOK 18/03 Q1028 NOSIG RMK PP000,2025-05-16 19:17:09.274300,2025-05-16T19:00:00Z,18,3,7,240.0,9999,1028,VFR
SPRU,SPRU 161900Z 17009KT 4500 BR BKN004 19/17 Q1013 RMK PP000,2025-05-16 19:17:09.717884,2025-05-16T19:00:00Z,19,17,9,170.0,4500,1013,LIFR
SPZO,SPZO 161900Z 29006KT 250V320 9999 FEW060 21/02 Q1028 NOSIG RMK BIRD HAZARD RWY 10/28 PP000,2025-05-16 19:17:10.202162,2025-05-16T19:00:00Z,21,2,6,290.0,9999,1028,VFR
SPJR,SPJR 161900Z VRB04KT 9999 FEW023 SCT070 22/05 Q1026 RMK PP000,2025-05-16 19:17:10.700226,2025-05-16T19:00:00Z,22,5,4,,9999,1026,VFR
SPQU,SPQU 161900Z 24007KT 190V290 CAVOK 18/03 Q1028 NOSIG RMK PP000,2025-05-16 19:42:58.574161,2025-05-16T19:00:00Z,18,3,7,240.0,9999,1028,VFR
SPRU,SPRU 161900Z 17009KT 4500 BR BKN004 19/17 Q1013 RMK PP000,2025-05-16 19:42:59.065174,2025-05-16T19:00:00Z,19,17,9,170.0,4500,1013,LIFR
SPZO,SPZO 161930Z VRB04KT 9999 FEW060 20/02 Q1028 NOSIG RMK BIRD HAZARD RWY 10/28,2025-05-16 19:42:59.500382,2025-05-16T19:30:00Z,20,2,4,,9999,1028,VFR
SPJR,SPJR 161930Z VRB05KT 9999 FEW023 SCT060 22/09 Q1025,2025-05-16 19:42:59.998373,2025-05-16T19:30:00Z,22,9,5,,9999,1025,VFR
SPQU,SPQU 161900Z 24007KT 190V290 CAVOK 18/03 Q1028 NOSIG RMK PP000,2025-05-16 19:44:52.573167,2025-05-16T19:00:00Z,18,3,7,240.0,9999,1028,VFR
SPRU,SPRU 161900Z 17009KT 4500 BR BKN004 19/17 Q1013 RMK PP000,2025-05-16 19:44:53.067706,2025-05-16T19:00:00Z,19,17,9,170.0,4500,1013,LIFR
SPZO,SPZO 161930Z VRB04KT 9999 FEW060 20/02 Q1028 NOSIG RMK BIRD HAZARD RWY 10/28,2025-05-16 19:44:53.561768,2025-05-16T19:30:00Z,20,2,4,,9999,1028,VFR
SPJR,SPJR 161930Z VRB05KT 9999 FEW023 SCT060 22/09 Q1025,2025-05-16 19:44:53.998028,2025-05-16T19:30:00Z,22,9,5,,9999,1025,VFR
SPQU,SPQU 161900Z 24007KT 190V290 CAVOK 18/03 Q1028 NOSIG RMK PP000,2025-05-16 19:47:02.739094,2025-05-16T19:00:00Z,18,3,7,240.0,9999,1028,VFR
SPRU,SPRU 161900Z 17009KT 4500 BR BKN004 19/17 Q1013 RMK PP000,2025-05-16 19:47:03.181368,2025-05-16T19:00:00Z,19,17,9,170.0,4500,1013,LIFR
SPZO,SPZO 161930Z VRB04KT 9999 FEW060 20/02 Q1028 NOSIG RMK BIRD HAZARD RWY 10/28,2025-05-16 19:47:03.604420,2025-05-16T19:30:00Z,20,2,4,,9999,1028,VFR
SPJR,SPJR 161930Z VRB05KT 9999 FEW023 SCT060 22/09 Q1025,2025-05-16 19:47:04.095453,2025-05-16T19:30:00Z,22,9,5,,9999,1025,VFR
SPQU,SPQU 162000Z 25008KT 210V290 CAVOK 18/03 Q1027 NOSIG RMK PP000,2025-05-16 20:47:11.714863,2025-05-16T20:00:00Z,18,3,8,250,9999,1027,VFR
SPRU,SPRU 162018Z 18008KT 4500 BR BKN010 19/17 Q1012,2025-05-16 20:47:12.205589,2025-05-16T20:18:00Z,19,17,8,180,4500,1012,IFR
SPZO,SPZO 162030Z 28010KT 240V330 9999 FEW060 21/03 Q1027 NOSIG RMK BIRD HAZARD RWY 10/28,2025-05-16 20:47:12.714303,2025-05-16T20:30:00Z,21,3,10,280,9999,1027,VFR
SPJR,SPJR 162030Z 17006KT 9999 SCT023 BKN050 19/10 Q1025,2025-05-16 20:47:13.153084,2025-05-16T20:30:00Z,19,10,6,170,9999,1025,VFR
SPQU,SPQU 162100Z 27009KT 220V300 CAVOK 17/05 Q1027 NOSIG RMK PP000,2025-05-16 21:08:04.939798,2025-05-16T21:00:00Z,17,5,9,270,9999,1027,VFR
SPRU,SPRU 162100Z 17008KT 5000 BR BKN010 19/17 Q1012 RMK PP000,2025-05-16 21:08:05.524173,2025-05-16T21:00:00Z,19,17,8,170,5000,1012,MVFR
SPZO,SPZO 162100Z 30009KT 260V350 9999 NSC 21/03 Q1027 NOSIG RMK BIRD HAZARD RWY 10/28 PP000,2025-05-16 21:08:05.961674,2025-05-16T21:00:00Z,21,3,9,300,9999,1027,VFR
SPJR,SPJR 162100Z 14005KT 9999 SCT023 BKN050 18/10 Q1025 RMK PP000,2025-05-16 21:08:06.399687,2025-05-16T21:00:00Z,18,10,5,140,9999,1025,VFR
SPQU,SPQU 162100Z 27009KT 220V300 CAVOK 17/05 Q1027 NOSIG RMK PP000,2025-05-16 21:15:48.691703,2025-05-16T21:00:00Z,17,5,9,270,9999,1027,VFR
SPRU,SPRU 162100Z 17008KT 5000 BR BKN010 19/17 Q1012 RMK PP000,2025-05-16 21:15:49.172558,2025-05-16T21:00:00Z,19,17,8,170,5000,1012,MVFR
SPZO,SPZO 162100Z 30009KT 260V350 9999 NSC 21/03 Q1027 NOSIG RMK BIRD HAZARD RWY 10/28 PP000,2025-05-16 21:15:49.593057,2025-05-16T21:00:00Z,21,3,9,300,9999,1027,VFR
SPJR,SPJR 162100Z 14005KT 9999 SCT023 BKN050 18/10 Q1025 RMK PP000,2025-05-16 21:15:50.030453,2025-05-16T21:00:00Z,18,10,5,140,9999,1025,VFR
SPQU,SPQU 162200Z 27011KT 230V290 CAVOK 15/06 Q1028 NOSIG RMK TX18.9 PP000,2025-05-16 22:15:57.689252,2025-05-16T22:00:00Z,15,6,11,270.0,9999,1028,VFR
SPRU,SPRU 162200Z 15008KT 4000 BR OVC003 19/17 Q1013 RMK TX20.1 PP000,2025-05-16 22:15:58.177900,2025-05-16T22:00:00Z,19,17,8,150.0,4000,1013,LIFR
SPZO,SPZO 162200Z 31009KT 280V340 9999 NSC 20/01 Q1027 NOSIG RMK BIRD HAZARD RWY 10/28 TX21.8 PP000,2025-05-16 22:15:58.673085,2025-05-16T22:00:00Z,20,1,9,310.0,9999,1027,VFR
SPJR,SPJR 162200Z VRB04KT 9999 SCT023 BKN050 18/11 Q1025 RMK TX22.8 PP000,2025-05-16 22:15:59.125217,2025-05-16T22:00:00Z,18,11,4,,9999,1025,VFR
SPQU,SPQU 162300Z 27007KT CAVOK 14/06 Q1028 NOSIG RMK PP000,2025-05-16 23:16:06.841182,2025-05-16T23:00:00Z,14,6,7,270,9999,1028,VFR
SPRU,SPRU 162300Z 15011KT 4000 BR OVC003 18/17 Q1013 RMK PP000,2025-05-16 23:16:07.336757,2025-05-16T23:00:00Z,18,17,11,150,4000,1013,LIFR
SPZO,SPZO 162300Z 30006KT 260V350 9999 NSC 16/01 Q1027 NOSIG RMK BIRD HAZARD RWY 10/28 PP000,2025-05-16 23:16:07.771036,2025-05-16T23:00:00Z,16,1,6,300,9999,1027,VFR
SPJR,SPJR 162300Z 13005KT 100V180 9999 FEW023 SCT050 15/10 Q1026 RMK PP000,2025-05-16 23:16:08.209071,2025-05-16T23:00:00Z,15,10,5,130,9999,1026,VFR
SPQU,SPQU 170000Z 29006KT CAVOK 13/06 Q1030 RMK PP000,2025-05-17 00:16:16.905049,2025-05-17T00:00:00Z,13,6,6,290,9999,1030,VFR
SPRU,SPRU 170000Z 14010KT 3000 BR OVC002 18/17 Q1014 RMK PP000,2025-05-17 00:16:17.392431,2025-05-17T00:00:00Z,18,17,10,140,3000,1014,LIFR
SPZO,SPZO 170000Z 27006KT 9999 NSC 15/03 Q1028 NOSIG RMK BIRD HAZARD RWY 10/28 PP000,2025-05-17 00:16:17.825388,2025-05-17T00:00:00Z,15,3,6,270,9999,1028,VFR
SPJR,SPJR 162300Z 13005KT 100V180 9999 FEW023 SCT050 15/10 Q1026 RMK PP000,2025-05-17 00:16:18.319292,2025-05-16T23:00:00Z,15,10,5,130,9999,1026,VFR
SPQU,SPQU 170100Z 06007KT CAVOK 12/05 Q1030 RMK PP000,2025-05-17 01:16:26.057201,2025-05-17T01:00:00Z,12,5,7,60.0,9999,1030,VFR
SPRU,SPRU 170100Z 14010KT 3000 BR OVC002 18/17 Q1015 RMK PP000,2025-05-17 01:16:26.546838,2025-05-17T01:00:00Z,18,17,10,140.0,3000,1015,LIFR
SPZO,SPZO 170100Z VRB02KT 9999 NSC 12/02 Q1030 NOSIG RMK BIRD HAZARD RWY 10/28 PP000,2025-05-17 01:16:26.981862,2025-05-17T01:00:00Z,12,2,2,,9999,1030,VFR
SPJR,SPJR 162300Z 13005KT 100V180 9999 FEW023 SCT050 15/10 Q1026 RMK PP000,2025-05-17 01:16:27.546716,2025-05-16T23:00:00Z,15,10,5,130.0,9999,1026,VFR
SPQU,SPQU 170200Z 04005KT CAVOK 12/05 Q1030 RMK PP000,2025-05-17 02:16:35.310267,2025-05-17T02:00:00Z,12,5,5,40,9999,1030,VFR
SPRU,SPRU 170200Z 14009KT 3000 BR OVC002 18/17 Q1016 RMK PP000,2025-05-17 02:16:35.761941,2025-05-17T02:00:00Z,18,17,9,140,3000,1016,LIFR
SPZO,SPZO 170200Z 07003KT 040V110 9999 NSC 10/02 Q1031 NOSIG RMK BIRD HAZARD RWY 10/28 PP000,2025-05-17 02:16:36.275321,2025-05-17T02:00:00Z,10,2,3,70,9999,1031,VFR
SPJR,SPJR 162300Z 13005KT 100V180 9999 FEW023 SCT050 15/10 Q1026 RMK PP000,2025-05-17 02:16:36.862421,2025-05-16T23:00:00Z,15,10,5,130,9999,1026,VFR
SPQU,SPQU 170300Z 02004KT 350V050 CAVOK 11/05 Q1030 RMK PP000,2025-05-17 03:16:44.516258,2025-05-17T03:00:00Z,11,5,4,20.0,9999,1030,VFR
SPRU,SPRU 170300Z 15009KT 2500 BR OVC002 18/17 Q1016 RMK PP000,2025-05-17 03:16:45.022567,2025-05-17T03:00:00Z,18,17,9,150.0,2500,1016,LIFR
SPZO,SPZO 170300Z VRB01KT 9999 NSC 09/03 Q1032 NOSIG RMK BIRD HAZARD RWY 10/28 PP000,2025-05-17 03:16:45.507085,2025-05-17T03:00:00Z,9,3,1,,9999,1032,VFR
SPJR,SPJR 162300Z 13005KT 100V180 9999 FEW023 SCT050 15/10 Q1026 RMK PP000,2025-05-17 03:16:46.175731,2025-05-16T23:00:00Z,15,10,5,130.0,9999,1026,VFR
SPQU,SPQU 170400Z 05006KT CAVOK 11/05 Q1030 RMK PP000,2025-05-17 04:16:54.143462,2025-05-17T04:00:00Z,11,5,6,50,9999,1030,VFR
SPRU,SPRU 170400Z 15008KT 3000 BR OVC003 18/17 Q1016 RMK PP000,2025-05-17 04:16:54.586890,2025-05-17T04:00:00Z,18,17,8,150,3000,1016,LIFR
SPZO,SPZO 170400Z 10002KT 9999 NSC 08/03 Q1032 NOSIG RMK BIRD HAZARD RWY 10/28 PP000,2025-05-17 04:16:55.085712,2025-05-17T04:00:00Z,8,3,2,100,9999,1032,VFR
SPJR,SPJR 162300Z 13005KT 100V180 9999 FEW023 SCT050 15/10 Q1026 RMK PP000,2025-05-17 04:16:55.630374,2025-05-16T23:00:00Z,15,10,5,130,9999,1026,VFR
SPQU,SPQU 170500Z 34004KT CAVOK 11/04 Q1030 RMK PP000,2025-05-17 05:10:01.522909,2025-05-17T05:00:00Z,11,4,4,340.0,9999,1030,VFR
SPRU,SPRU 170500Z 16008KT 2500 BR BKN003 18/17 Q1016 RMK PP000,2025-05-17 05:10:01.993962,2025-05-17T05:00:00Z,18,17,8,160.0,2500,1016,LIFR
SPZO,SPZO 170500Z VRB01KT 9999 NSC 07/03 Q1032 NOSIG RMK PP000,2025-05-17 05:10:02.512094,2025-05-17T05:00:00Z,7,3,1,,9999,1032,VFR
SPJR,SPJR 162300Z 13005KT 100V180 9999 FEW023 SCT050 15/10 Q1026 RMK PP000,2025-05-17 05:10:03.097735,2025-05-16T23:00:00Z,15,10,5,130.0,9999,1026,VFR
SPQU,SPQU 170500Z 34004KT CAVOK 11/04 Q1030 RMK PP000,2025-05-17 05:45:37.694211,2025-05-17T05:00:00Z,11,4,4,340,9999,1030,VFR
SPRU,SPRU 170500Z 16008KT 2500 BR BKN003 18/17 Q1016 RMK PP000,2025-05-17 05:45:38.192849,2025-05-17T05:00:00Z,18,17,8,160,2500,1016,LIFR
SPZO,SPZO 170530Z 00000KT 9999 NSC 07/03 Q1032 NOSIG,2025-05-17 05:45:38.633974,2025-05-17T05:30:00Z,7,3,0,0,9999,1032,VFR
SPJR,SPJR 162300Z 13005KT 100V180 9999 FEW023 SCT050 15/10 Q1026 RMK PP000,2025-05-17 05:45:39.682787,2025-05-16T23:00:00Z,15,10,5,130,9999,1026,VFR
SPQU,SPQU 170500Z 34004KT CAVOK 11/04 Q1030 RMK PP000,2025-05-17 05:47:58.550809,2025-05-17T05:00:00Z,11,4,4,340,9999,1030,VFR
SPRU,SPRU 170500Z 16008KT 2500 BR BKN003 18/17 Q1016 RMK PP000,2025-05-17 05:47:59.025502,2025-05-17T05:00:00Z,18,17,8,160,2500,1016,LIFR
SPZO,SPZO 170530Z 00000KT 9999 NSC 07/03 Q1032 NOSIG,2025-05-17 05:47:59.489005,2025-05-17T05:30:00Z,7,3,0,0,9999,1032,VFR
SPJR,SPJR 162300Z 13005KT 100V180 9999 FEW023 SCT050 15/10 Q1026 RMK PP000,2025-05-17 05:48:00.124571,2025-05-16T23:00:00Z,15,10,5,130,9999,1026,VFR
SPQU,SPQU 180500Z 01004KT CAVOK 11/M01 Q1029 RMK PP000,2025-05-18 05:10:41.730646,2025-05-18T05:00:00Z,11,-1,4,10,9999,1029,VFR
SPRU,SPRU 180500Z 16011KT 3000 BR OVC002 18/17 Q1015 RMK PP000,2025-05-18 05:10:42.169344,2025-05-18T05:00:00Z,18,17,11,160,3000,1015,LIFR
SPZO,SPZO 180500Z 27005KT 240V300 9999 NSC 06/01 Q1032 NOSIG RMK PP000,2025-05-18 05:10:42.653313,2025-05-18T05:00:00Z,6,1,5,270,9999,1032,VFR
SPJR,SPJR 172300Z 14009KT 8000 BCFG SCT020 BKN050 13/12 Q1027 RMK PPTRZ,2025-05-18 05:10:43.214827,2025-05-17T23:00:00Z,13,12,9,140,8000,1027,MVFR
SPQU,SPQU 180500Z 01004KT CAVOK 11/M01 Q1029 RMK PP000,2025-05-18 06:10:50.936545,2025-05-18T05:00:00Z,11,-1,4,10,9999,1029,VFR
SPRU,SPRU 180500Z 16011KT 3000 BR OVC002 18/17 Q1015 RMK PP000,2025-05-18 06:10:51.404784,2025-05-18T05:00:00Z,18,17,11,160,3000,1015,LIFR
SPZO,SPZO 180500Z 27005KT 240V300 9999 NSC 06/01 Q1032 NOSIG RMK PP000,2025-05-18 06:10:51.840871,2025-05-18T05:00:00Z,6,1,5,270,9999,1032,VFR
SPJR,SPJR 172300Z 14009KT 8000 BCFG SCT020 BKN050 13/12 Q1027 RMK PPTRZ,2025-05-18 06:10:52.399658,2025-05-17T23:00:00Z,13,12,9,140,8000,1027,MVFR
SPQU,SPQU 060300Z 05004KT CAVOK 12/M02 Q1029 RMK PP000,2025-06-06 03:58:52.072342,2025-06-06T03:00:00Z,12,-2,4,50.0,9999,1029,VFR
SPRU,SPRU 060300Z 16007KT 5000 BR BKN010 19/17 Q1014 RMK PP000,2025-06-06 03:58:52.540640,2025-06-06T03:00:00Z,19,17,7,160.0,5000,1014,MVFR
SPZO,SPZO 060330Z VRB01KT 9999 NSC 06/00 Q1034 NOSIG RMK BIRD HAZARD RWY 10/28,2025-06-06 03:58:52.975839,2025-06-06T03:30:00Z,6,0,1,,9999,1034,VFR
SPJR,SPJR 052300Z 05006KT 010V080 9999 FEW025 18/05 Q1025 RMK PP000,2025-06-06 03:58:53.593486,2025-06-05T23:00:00Z,18,5,6,50.0,9999,1025,VFR
SPQU,SPQU 070300Z VRB02KT CAVOK 10/M07 Q1029 RMK PP000,2025-06-07 03:03:44.895712,2025-06-07T03:00:00Z,10,-7,2,,9999,1029,VFR
SPRU,SPRU 070300Z 14009KT 6000 BKN020 20/18 Q1014 RMK PP000,2025-06-07 03:03:45.333047,2025-06-07T03:00:00Z,20,18,9,140.0,6000,1014,MVFR
SPZO,SPZO 070300Z VRB02KT 9999 NSC 07/02 Q1034 NOSIG RMK BIRD HAZARD RWY 10/28 PP000,2025-06-07 03:03:45.821088,2025-06-07T03:00:00Z,7,2,2,,9999,1034,VFR
SPJR,SPJR 062300Z 06004KT 030V090 9999 SCT020 OVC050 18/08 Q1026 RMK PP000,2025-06-07 03:03:46.433806,2025-06-06T23:00:00Z,18,8,4,60.0,9999,1026,VFR
SPQU,SPQU 070400Z 04006KT CAVOK 12/M07 Q1029 RMK PP000,2025-06-07 04:03:54.250758,2025-06-07T04:00:00Z,12,-7,6,40,9999,1029,VFR
SPRU,SPRU 070400Z 15009KT 6000 SCT020 19/18 Q1014 RMK PP000,2025-06-07 04:03:54.743367,2025-06-07T04:00:00Z,19,18,9,150,6000,1014,MVFR
SPZO,SPZO 070400Z 28003KT 250V310 9999 NSC 06/01 Q1034 NOSIG RMK BIRD HAZARD RWY 10/28 PP000,2025-06-07 04:03:55.231176,2025-06-07T04:00:00Z,6,1,3,280,9999,1034,VFR
SPJR,SPJR 062300Z 06004KT 030V090 9999 SCT020 OVC050 18/08 Q1026 RMK PP000,2025-06-07 04:03:55.734341,2025-06-06T23:00:00Z,18,8,4,60,9999,1026,VFR
SPQU,SPQU 090000Z 03006KT CAVOK 14/M05 Q1027 RMK PP000,2025-06-09 00:19:24.853309,2025-06-09T00:00:00Z,14,-5,6,30,9999,1027,VFR
SPRU,SPRU 090000Z 15007KT 5000 BR OVC018 19/17 Q1012 RMK PP000,2025-06-09 00:19:25.349171,2025-06-09T00:00:00Z,19,17,7,150,5000,1012,MVFR
SPZO,SPZO 090000Z 29006KT 9999 NSC 13/03 Q1030 NOSIG RMK BIRD HAZARD RWY 10/28 PP000,2025-06-09 00:19:25.800140,2025-06-09T00:00:00Z,13,3,6,290,9999,1030,VFR
SPJR,SPJR 082300Z 16003KT 070V170 9999 SCT020 BKN050 16/11 Q1025 RMK PP000,2025-06-09 00:19:26.485860,2025-06-08T23:00:00Z,16,11,3,160,9999,1025,VFR
SPQU,SPQU 090000Z 03006KT CAVOK 14/M05 Q1027 RMK PP000,2025-06-09 00:28:25.711121,2025-06-09T00:00:00Z,14,-5,6,30,9999,1027,VFR
SPRU,SPRU 090000Z 15007KT 5000 BR OVC018 19/17 Q1012 RMK PP000,2025-06-09 00:28:26.216260,2025-06-09T00:00:00Z,19,17,7,150,5000,1012,MVFR
SPZO,SPZO 090000Z 29006KT 9999 NSC 13/03 Q1030 NOSIG RMK BIRD HAZARD RWY 10/28 PP000,2025-06-09 00:28:26.764501,2025-06-09T00:00:00Z,13,3,6,290,9999,1030,VFR
SPJR,SPJR 082300Z 16003KT 070V170 9999 SCT020 BKN050 16/11 Q1025 RMK PP000,2025-06-09 00:28:27.360478,2025-06-08T23:00:00Z,16,11,3,160,9999,1025,VFR
SPQU,SPQU 090200Z 01004KT CAVOK 12/M06 Q1027 RMK PP000,2025-06-09 02:44:21.145874,2025-06-09T02:00:00Z,12,-6,4,10,9999,1027,VFR
SPRU,SPRU 090200Z 14006KT 4500 BR OVC016 19/17 Q1013 RMK PP000,2025-06-09 02:44:21.624418,2025-06-09T02:00:00Z,19,17,6,140,4500,1013,IFR
SPZO,SPZO 090230Z 25003KT 180V280 9999 NSC 09/03 Q1032 NOSIG RMK BIRD HAZARD RWY 10/28,2025-06-09 02:44:22.134276,2025-06-09T02:30:00Z,9,3,3,250,9999,1032,VFR
SPJR,SPJR 082300Z 16003KT 070V170 9999 SCT020 BKN050 16/11 Q1025 RMK PP000,2025-06-09 02:44:22.768094,2025-06-08T23:00:00Z,16,11,3,160,9999,1025,VFR
SPQU,SPQU 090200Z 01004KT CAVOK 12/M06 Q1027 RMK PP000,2025-06-09 02:55:40.676579,2025-06-09T02:00:00Z,12,-6,4,10,9999,1027,VFR
SPRU,SPRU 090200Z 14006KT 4500 BR OVC016 19/17 Q1013 RMK PP000,2025-06-09 02:55:41.166490,2025-06-09T02:00:00Z,19,17,6,140,4500,1013,IFR
SPZO,SPZO 090230Z 25003KT 180V280 9999 NSC 09/03 Q1032 NOSIG RMK BIRD HAZARD RWY 10/28,2025-06-09 02:55:41.608626,2025-06-09T02:30:00Z,9,3,3,250,9999,1032,VFR
SPJR,SPJR 082300Z 16003KT 070V170 9999 SCT020 BKN050 16/11 Q1025 RMK PP000,2025-06-09 02:55:42.131355,2025-06-08T23:00:00Z,16,11,3,160,9999,1025,VFR
SPQU,SPQU 090300Z 05007KT CAVOK 13/M06 Q1027 RMK PP000,2025-06-09 03:02:22.974034,2025-06-09T03:00:00Z,13,-6,7,50,9999,1027,VFR
SPRU,SPRU 090300Z 15007KT 4500 BR OVC016 19/17 Q1013 RMK PP000,2025-06-09 03:02:23.408515,2025-06-09T03:00:00Z,19,17,7,150,4500,1013,IFR
SPZO,SPZO 090300Z 26003KT 230V290 9999 NSC 08/03 Q1033 NOSIG RMK BIRD HAZARD RWY 10/28 PP000,2025-06-09 03:02:23.842995,2025-06-09T03:00:00Z,8,3,3,260,9999,1033,VFR
SPJR,SPJR 082300Z 16003KT 070V170 9999 SCT020 BKN050 16/11 Q1025 RMK PP000,2025-06-09 03:02:24.506672,2025-06-08T23:00:00Z,16,11,3,160,9999,1025,VFR
SPQU,SPQU 090300Z 05007KT CAVOK 13/M06 Q1027 RMK PP000,2025-06-09 03:06:49.417004,2025-06-09T03:00:00Z,13,-6,7,50,9999,1027,VFR
SPRU,SPRU 090300Z 15007KT 4500 BR OVC016 19/17 Q1013 RMK PP000,2025-06-09 03:06:49.835718,2025-06-09T03:00:00Z,19,17,7,150,4500,1013,IFR
SPZO,SPZO 090300Z 26003KT 230V290 9999 NSC 08/03 Q1033 NOSIG RMK BIRD HAZARD RWY 10/28 PP000,2025-06-09 03:06:50.300340,2025-06-09T03:00:00Z,8,3,3,260,9999,1033,VFR
SPJR,SPJR 082300Z 16003KT 070V170 9999 SCT020 BKN050 16/11 Q1025 RMK PP000,2025-06-09 03:06:50.888500,2025-06-08T23:00:00Z,16,11,3,160,9999,1025,VFR
SPQU,SPQU 090400Z 06008KT CAVOK 11/M08 Q1027 RMK PP000,2025-06-09 04:07:07.655019,2025-06-09T04:00:00Z,11,-8,8,60,9999,1027,VFR
SPRU,SPRU 090400Z 15008KT 4500 BR SCT018 19/17 Q1013 RMK PP000,2025-06-09 04:07:08.248292,2025-06-09T04:00:00Z,19,17,8,150,4500,1013,IFR
SPZO,SPZO 090400Z 28003KT 9999 NSC 07/03 Q1033 NOSIG RMK BIRD HAZARD RWY 10/28 PP000,2025-06-09 04:07:08.684806,2025-06-09T04:00:00Z,7,3,3,280,9999,1033,VFR
SPJR,SPJR 082300Z 16003KT 070V170 9999 SCT020 BKN050 16/11 Q1025 RMK PP000,2025-06-09 04:07:09.224289,2025-06-08T23:00:00Z,16,11,3,160,9999,1025,VFR
SPQU,SPQU 090500Z 02005KT CAVOK 13/M09 Q1027 RMK PP000,2025-06-09 05:07:26.004119,2025-06-09T05:00:00Z,13,-9,5,20,9999,1027,VFR
SPRU,SPRU 090500Z 15006KT 4000 BR FEW016 19/17 Q1013 RMK PP000,2025-06-09 05:07:26.437575,2025-06-09T05:00:00Z,19,17,6,150,4000,1013,IFR
SPZO,SPZO 090500Z 26003KT 230V290 9999 NSC 07/03 Q1033 NOSIG RMK BIRD HAZARD RWY 10/28 PP000,2025-06-09 05:07:26.874898,2025-06-09T05:00:00Z,7,3,3,260,9999,1033,VFR
SPJR,SPJR 082300Z 16003KT 070V170 9999 SCT020 BKN050 16/11 Q1025 RMK PP000,2025-06-09 05:07:27.507860,2025-06-08T23:00:00Z,16,11,3,160,9999,1025,VFR
SPQU,SPQU 120200Z 01005KT CAVOK 12/M06 Q1031 RMK PP000,2025-06-12 02:24:29.643679,2025-06-12T02:00:00Z,12,-6,5,10.0,9999,1031,VFR
SPRU,SPRU 120200Z 15008KT 5000 BR BKN150 20/18 Q1015 RMK PP000,2025-06-12 02:24:30.122115,2025-06-12T02:00:00Z,20,18,8,150.0,5000,1015,MVFR
SPZO,SPZO 120200Z VRB02KT 9999 NSC 10/04 Q1032 NOSIG RMK BIRD HAZARD RWY 10/28 PP000,2025-06-12 02:24:30.611882,2025-06-12T02:00:00Z,10,4,2,,9999,1032,VFR
SPJR,SPJR 112300Z VRB02KT 8000 -RA BCFG SCT012 OVC045 13/13 Q1029 RMK PP010,2025-06-12 02:24:31.166732,2025-06-11T23:00:00Z,13,13,2,,8000,1029,MVFR
SPQU,SPQU 120200Z 01005KT CAVOK 12/M06 Q1031 RMK PP000,2025-06-12 02:26:04.255148,2025-06-12T02:00:00Z,12,-6,5,10.0,9999,1031,VFR
SPRU,SPRU 120200Z 15008KT 5000 BR BKN150 20/18 Q1015 RMK PP000,2025-06-12 02:26:04.679729,2025-06-12T02:00:00Z,20,18,8,150.0,5000,1015,MVFR
SPZO,SPZO 120200Z VRB02KT 9999 NSC 10/04 Q1032 NOSIG RMK BIRD HAZARD RWY 10/28 PP000,2025-06-12 02:26:05.120683,2025-06-12T02:00:00Z,10,4,2,,9999,1032,VFR
SPJR,SPJR 112300Z VRB02KT 8000 -RA BCFG SCT012 OVC045 13/13 Q1029 RMK PP010,2025-06-12 02:26:05.685563,2025-06-11T23:00:00Z,13,13,2,,8000,1029,MVFR
SPQU,SPQU 120200Z 01005KT CAVOK 12/M06 Q1031 RMK PP000,2025-06-12 02:31:58.660138,2025-06-12T02:00:00Z,12,-6,5,10.0,9999,1031,VFR
SPRU,SPRU 120200Z 15008KT 5000 BR BKN150 20/18 Q1015 RMK PP000,2025-06-12 02:31:59.149394,2025-06-12T02:00:00Z,20,18,8,150.0,5000,1015,MVFR
SPZO,SPZO 120230Z VRB02KT 9999 NSC 10/04 Q1033 NOSIG RMK BIRD HAZARD RWY 10/28,2025-06-12 02:31:59.627177,2025-06-12T02:30:00Z,10,4,2,,9999,1033,VFR
SPJR,SPJR 112300Z VRB02KT 8000 -RA BCFG SCT012 OVC045 13/13 Q1029 RMK PP010,2025-06-12 02:32:00.151510,2025-06-11T23:00:00Z,13,13,2,,8000,1029,MVFR
SPQU,SPQU 120300Z VRB05KT CAVOK 14/M05 Q1031 RMK PP000,2025-06-12 03:22:06.999063,2025-06-12T03:00:00Z,14,-5,5,,9999,1031,VFR
SPRU,SPRU 120300Z 14006KT 110V170 5000 BR FEW100 20/18 Q1016 RMK PP000,2025-06-12 03:22:07.524414,2025-06-12T03:00:00Z,20,18,6,140.0,5000,1016,MVFR
SPZO,SPZO 120300Z 29004KT 9999 NSC 07/03 Q1033 NOSIG RMK BIRD HAZARD RWY 10/28 PP000,2025-06-12 03:22:08.046540,2025-06-12T03:00:00Z,7,3,4,290.0,9999,1033,VFR
SPJR,SPJR 112300Z VRB02KT 8000 -RA BCFG SCT012 OVC045 13/13 Q1029 RMK PP010,2025-06-12 03:22:08.624394,2025-06-11T23:00:00Z,13,13,2,,8000,1029,MVFR
SPQU,SPQU 120300Z VRB05KT CAVOK 14/M05 Q1031 RMK PP000,2025-06-12 03:33:48.056577,2025-06-12T03:00:00Z,14,-5,5,,9999,1031,VFR
SPRU,SPRU 120300Z 14006KT 110V170 5000 BR FEW100 20/18 Q1016 RMK PP000,2025-06-12 03:33:48.527090,2025-06-12T03:00:00Z,20,18,6,140.0,5000,1016,MVFR
SPZO,SPZO 120330Z 28004KT 260V320 9999 NSC 07/03 Q1033 NOSIG RMK BIRD HAZARD RWY 10/28,2025-06-12 03:33:48.969258,2025-06-12T03:30:00Z,7,3,4,280.0,9999,1033,VFR
SPJR,SPJR 112300Z VRB02KT 8000 -RA BCFG SCT012 OVC045 13/13 Q1029 RMK PP010,2025-06-12 03:33:49.720096,2025-06-11T23:00:00Z,13,13,2,,8000,1029,MVFR
SPQU,SPQU 120400Z 04005KT CAVOK 09/M05 Q1030 RMK PP000,2025-06-12 04:34:07.146906,2025-06-12T04:00:00Z,9,-5,5,40.0,9999,1030,VFR
SPRU,SPRU 120400Z 15005KT 5000 BR NSC 20/18 Q1016 RMK PP000,2025-06-12 04:34:07.611532,2025-06-12T04:00:00Z,20,18,5,150.0,5000,1016,MVFR
SPZO,SPZO 120430Z 07003KT 020V130 9999 NSC 06/03 Q1033 NOSIG,2025-06-12 04:34:08.135300,2025-06-12T04:30:00Z,6,3,3,70.0,9999,1033,VFR
SPJR,SPJR 112300Z VRB02KT 8000 -RA BCFG SCT012 OVC045 13/13 Q1029 RMK PP010,2025-06-12 04:34:08.686753,2025-06-11T23:00:00Z,13,13,2,,8000,1029,MVFR
SPQU,SPQU 120500Z 03006KT CAVOK 09/M06 Q1030 RMK PP000,2025-06-12 05:25:55.012474,2025-06-12T05:00:00Z,9,-6,6,30.0,9999,1030,VFR
SPRU,SPRU 120500Z 13005KT 3500 BR NSC 20/18 Q1016 RMK PP000,2025-06-12 05:25:55.506515,2025-06-12T05:00:00Z,20,18,5,130.0,3500,1016,IFR
SPZO,SPZO 120500Z VRB02KT 9999 NSC 06/03 Q1033 NOSIG,2025-06-12 05:25:55.972809,2025-06-12T05:00:00Z,6,3,2,,9999,1033,VFR
SPJR,SPJR 112300Z VRB02KT 8000 -RA BCFG SCT012 OVC045 13/13 Q1029 RMK PP010,2025-06-12 05:25:56.534772,2025-06-11T23:00:00Z,13,13,2,,8000,1029,MVFR
SPQU,SPQU 120500Z 03006KT CAVOK 09/M06 Q1030 RMK PP000,2025-06-12 05:31:33.706137,2025-06-12T05:00:00Z,9,-6,6,30.0,9999,1030,VFR
SPRU,SPRU 120500Z 13005KT 3500 BR NSC 20/18 Q1016 RMK PP000,2025-06-12 05:31:34.192960,2025-06-12T05:00:00Z,20,18,5,130.0,3500,1016,IFR
SPZO,SPZO 120530Z 27002KT 9999 NSC 06/03 Q1033 NOSIG,2025-06-12 05:31:34.682145,2025-06-12T05:30:00Z,6,3,2,270.0,9999,1033,VFR
SPJR,SPJR 112300Z VRB02KT 8000 -RA BCFG SCT012 OVC045 13/13 Q1029 RMK PP010,2025-06-12 05:31:35.230181,2025-06-11T23:00:00Z,13,13,2,,8000,1029,MVFR
SPQU,SPQU 120500Z 03006KT CAVOK 09/M06 Q1030 RMK PP000,2025-06-12 05:35:03.905092,2025-06-12T05:00:00Z,9,-6,6,30.0,9999,1030,VFR
SPRU,SPRU 120500Z 13005KT 3500 BR NSC 20/18 Q1016 RMK PP000,2025-06-12 05:35:04.358953,2025-06-12T05:00:00Z,20,18,5,130.0,3500,1016,IFR
SPZO,SPZO 120530Z 27002KT 9999 NSC 06/03 Q1033 NOSIG,2025-06-12 05:35:04.843101,2025-06-12T05:30:00Z,6,3,2,270.0,9999,1033,VFR
SPJR,SPJR 112300Z VRB02KT 8000 -RA BCFG SCT012 OVC045 13/13 Q1029 RMK PP010,2025-06-12 05:35:05.464499,2025-06-11T23:00:00Z,13,13,2,,8000,1029,MVFR
SPQU,SPQU 120600Z 06008KT CAVOK 10/M04 Q1029 RMK PP000,2025-06-12 06:35:23.078977,2025-06-12T06:00:00Z,10,-4,8,60.0,9999,1029,VFR
SPRU,SPRU 120600Z 13005KT 3500 BR NSC 20/18 Q1015 RMK PP000,2025-06-12 06:35:23.552177,2025-06-12T06:00:00Z,20,18,5,130.0,3500,1015,IFR
SPZO,SPZO 120600Z 27004KT 9999 NSC 06/03 Q1033 NOSIG RMK PP000,2025-06-12 06:35:23.983840,2025-06-12T06:00:00Z,6,3,4,270.0,9999,1033,VFR
SPJR,SPJR 112300Z VRB02KT 8000 -RA BCFG SCT012 OVC045 13/13 Q1029 RMK PP010,2025-06-12 06:35:24.541514,2025-06-11T23:00:00Z,13,13,2,,8000,1029,MVFR
SPQU,SPQU 120700Z 06011KT CAVOK 10/M04 Q1029 RMK PP000,2025-06-12 07:35:42.685142,2025-06-12T07:00:00Z,10,-4,11,60.0,9999,1029,VFR
SPRU,SPRU 120700Z 14005KT 3500 BR NSC 20/19 Q1015 RMK PP000,2025-06-12 07:35:43.153035,2025-06-12T07:00:00Z,20,19,5,140.0,3500,1015,IFR
SPZO,SPZO 120700Z VRB01KT 9999 NSC 05/03 Q1033 NOSIG RMK PP000,2025-06-12 07:35:43.574949,2025-06-12T07:00:00Z,5,3,1,,9999,1033,VFR
SPJR,SPJR 112300Z VRB02KT 8000 -RA BCFG SCT012 OVC045 13/13 Q1029 RMK PP010,2025-06-12 07:35:44.272874,2025-06-11T23:00:00Z,13,13,2,,8000,1029,MVFR
SPQU,SPQU 120800Z 06010KT CAVOK 10/M05 Q1028 RMK PP000,2025-06-12 08:36:02.685338,2025-06-12T08:00:00Z,10,-5,10,60.0,9999,1028,VFR
SPRU,SPRU 120800Z 13004KT 3500 BR NSC 20/19 Q1015 RMK PP000,2025-06-12 08:36:03.155808,2025-06-12T08:00:00Z,20,19,4,130.0,3500,1015,IFR
SPZO,SPZO 120800Z VRB01KT 9999 NSC 04/01 Q1032 NOSIG RMK PP000,2025-06-12 08:36:03.588584,2025-06-12T08:00:00Z,4,1,1,,9999,1032,VFR
SPJR,SPJR 112300Z VRB02KT 8000 -RA BCFG SCT012 OVC045 13/13 Q1029 RMK PP010,2025-06-12 08:36:04.385161,2025-06-11T23:00:00Z,13,13,2,,8000,1029,MVFR
SPQU,SPQU 120900Z 06011KT CAVOK 10/M05 Q1028 RMK PP000,2025-06-12 09:36:22.526616,2025-06-12T09:00:00Z,10,-5,11,60.0,9999,1028,VFR
SPRU,SPRU 120900Z 12004KT 3500 BR NSC 20/19 Q1015 RMK PP000,2025-06-12 09:36:22.961654,2025-06-12T09:00:00Z,20,19,4,120.0,3500,1015,IFR
SPZO,SPZO 120900Z 29002KT 9999 NSC 02/01 Q1032 NOSIG RMK PP000,2025-06-12 09:36:23.380460,2025-06-12T09:00:00Z,2,1,2,290.0,9999,1032,VFR
SPJR,SPJR 112300Z VRB02KT 8000 -RA BCFG SCT012 OVC045 13/13 Q1029 RMK PP010,2025-06-12 09:36:24.089303,2025-06-11T23:00:00Z,13,13,2,,8000,1029,MVFR
SPQU,SPQU 121000Z 06011KT CAVOK 11/M05 Q1028 RMK PP000,2025-06-12 10:36:42.365294,2025-06-12T10:00:00Z,11,-5,11,60.0,9999,1028,VFR
SPRU,SPRU 121000Z 15006KT 3500 BR NSC 20/18 Q1015 RMK PP000,2025-06-12 10:36:42.820818,2025-06-12T10:00:00Z,20,18,6,150.0,3500,1015,IFR
SPZO,SPZO 121030Z 00000KT 9999 FEW040 03/02 Q1033 NOSIG RMK BIRD HAZARD RWY 10/28,2025-06-12 10:36:43.299186,2025-06-12T10:30:00Z,3,2,0,0.0,9999,1033,VFR
SPJR,SPJR 121030Z VRB02KT 7000 BCFG SCT012 OVC050 11/11 Q1029,2025-06-12 10:36:43.728152,2025-06-12T10:30:00Z,11,11,2,,7000,1029,MVFR
SPQU,SPQU 121100Z 06012KT CAVOK 11/M05 Q1028 RMK PP000,2025-06-12 11:36:56.690664,2025-06-12T11:00:00Z,11,-5,12,60.0,9999,1028,VFR
SPRU,SPRU 121100Z 15006KT 3500 BR NSC 20/18 Q1015 RMK PP000,2025-06-12 11:36:57.155354,2025-06-12T11:00:00Z,20,18,6,150.0,3500,1015,IFR
SPZO,SPZO 121130Z 07003KT 040V100 9999 SCT025 BKN070 05/03 Q1034 NOSIG RMK BIRD HAZARD RWY 10/28,2025-06-12 11:36:57.574326,2025-06-12T11:30:00Z,5,3,3,70.0,9999,1034,VFR
SPJR,SPJR 121130Z VRB02KT 4000 BCFG SCT010 BKN045 11/11 Q1029,2025-06-12 11:36:58.040637,2025-06-12T11:30:00Z,11,11,2,,4000,1029,IFR
SPQU,SPQU 121200Z 06011KT CAVOK 11/M05 Q1028 NOSIG RMK TN8.4 PP000,2025-06-12 12:37:17.103784,2025-06-12T12:00:00Z,11,-5,11,60.0,9999,1028,VFR
SPRU,SPRU 121200Z 14006KT 3500 BR FEW009 OVC090 20/18 Q1016 RMK TN19.3 PP000,2025-06-12 12:37:17.572324,2025-06-12T12:00:00Z,20,18,6,140.0,3500,1016,IFR
SPZO,SPZO 121230Z 07003KT 020V100 9999 SCT036 BKN070 07/04 Q1034 NOSIG RMK BIRD HAZARD RWY 10/28,2025-06-12 12:37:17.992535,2025-06-12T12:30:00Z,7,4,3,70.0,9999,1034,VFR
SPJR,SPJR 121230Z VRB01KT 6000 BCFG SCT010 BKN045 11/10 Q1029,2025-06-12 12:37:18.413590,2025-06-12T12:30:00Z,11,10,1,,6000,1029,MVFR
SPQU,SPQU 130000Z VRB02KT CAVOK 12/02 Q1028 NOSIG RMK PP000,2025-06-13 00:54:24.928460,2025-06-13T00:00:00Z,12,2,2,,9999,1028,VFR
SPRU,SPRU 130000Z 14007KT 6000 SCT008 20/18 Q1014 RMK PP000,2025-06-13 00:54:25.398619,2025-06-13T00:00:00Z,20,18,7,140.0,6000,1014,MVFR
SPZO,SPZO 130030Z 29006KT 9999 NSC 12/M02 Q1029 NOSIG RMK BIRD HAZARD RWY 10/28,2025-06-13 00:54:25.866288,2025-06-13T00:30:00Z,12,-2,6,290.0,9999,1029,VFR
SPJR,SPJR 122300Z 07004KT 020V180 9000 VCFG SCT020 BKN050 14/11 Q1027 RMK PP000,2025-06-13 00:54:26.637569,2025-06-12T23:00:00Z,14,11,4,70.0,9000,1027,VFR
SPQU,SPQU 130100Z 36004KT CAVOK 12/M01 Q1028 NOSIG RMK PP000,2025-06-13 01:03:24.194045,2025-06-13T01:00:00Z,12,-1,4,360,9999,1028,VFR
SPRU,SPRU 130100Z 16006KT 130V200 5000 BR SCT007 20/18 Q1014 RMK PP000,2025-06-13 01:03:24.633917,2025-06-13T01:00:00Z,20,18,6,160,5000,1014,MVFR
SPZO,SPZO 130100Z 29005KT 9999 NSC 10/M02 Q1029 NOSIG RMK BIRD HAZARD RWY 10/28 PP000,2025-06-13 01:03:25.116806,2025-06-13T01:00:00Z,10,-2,5,290,9999,1029,VFR
SPJR,SPJR 122300Z 07004KT 020V180 9000 VCFG SCT020 BKN050 14/11 Q1027 RMK PP000,2025-06-13 01:03:25.778190,2025-06-12T23:00:00Z,14,11,4,70,9000,1027,VFR
SPQU,SPQU 130200Z 35004KT 300V010 CAVOK 11/M03 Q1028 NOSIG RMK PP000,2025-06-13 02:03:43.306139,2025-06-13T02:00:00Z,11,-3,4,350,9999,1028,VFR
SPRU,SPRU 130200Z 14009KT 4000 BR SCT007 20/18 Q1015 RMK PP000,2025-06-13 02:03:43.825232,2025-06-13T02:00:00Z,20,18,9,140,4000,1015,IFR
SPZO,SPZO 130200Z 28005KT 9999 NSC 08/M03 Q1029 NOSIG RMK BIRD HAZARD RWY 10/28 PP000,2025-06-13 02:03:44.261330,2025-06-13T02:00:00Z,8,-3,5,280,9999,1029,VFR
SPJR,SPJR 122300Z 07004KT 020V180 9000 VCFG SCT020 BKN050 14/11 Q1027 RMK PP000,2025-06-13 02:03:44.864289,2025-06-12T23:00:00Z,14,11,4,70,9000,1027,VFR
SPQU,SPQU 130300Z VRB02KT CAVOK 08/M03 Q1028 NOSIG RMK PP000,2025-06-13 03:04:03.042505,2025-06-13T03:00:00Z,8,-3,2,,9999,1028,VFR
SPRU,SPRU 130300Z 18006KT 4000 BR SCT007 20/18 Q1015 RMK PP000,2025-06-13 03:04:03.505739,2025-06-13T03:00:00Z,20,18,6,180.0,4000,1015,IFR
SPZO,SPZO 130300Z 00000KT 9999 NSC 08/M02 Q1030 NOSIG RMK BIRD HAZARD RWY 10/28 PP000,2025-06-13 03:04:03.991466,2025-06-13T03:00:00Z,8,-2,0,0.0,9999,1030,VFR
SPJR,SPJR 122300Z 07004KT 020V180 9000 VCFG SCT020 BKN050 14/11 Q1027 RMK PP000,2025-06-13 03:04:04.641644,2025-06-12T23:00:00Z,14,11,4,70.0,9000,1027,VFR
SPQU,SPQU 130300Z VRB02KT CAVOK 08/M03 Q1028 NOSIG RMK PP000,2025-06-13 04:01:07.251075,2025-06-13T03:00:00Z,8,-3,2,,9999,1028,VFR
SPRU,SPRU 130300Z 18006KT 4000 BR SCT007 20/18 Q1015 RMK PP000,2025-06-13 04:01:07.672608,2025-06-13T03:00:00Z,20,18,6,180.0,4000,1015,IFR
SPZO,SPZO 130330Z VRB02KT 9999 NSC 07/M02 Q1030 NOSIG RMK BIRD HAZARD RWY 10/28,2025-06-13 04:01:08.242838,2025-06-13T03:30:00Z,7,-2,2,,9999,1030,VFR
SPJR,SPJR 122300Z 07004KT 020V180 9000 VCFG SCT020 BKN050 14/11 Q1027 RMK PP000,2025-06-13 04:01:09.056131,2025-06-12T23:00:00Z,14,11,4,70.0,9000,1027,VFR
SPQU,SPQU 130400Z 36005KT CAVOK 09/M03 Q1028 RMK PP000,2025-06-13 05:01:26.943760,2025-06-13T04:00:00Z,9,-3,5,360,9999,1028,VFR
SPRU,SPRU 130400Z 17004KT 4000 BR SCT007 20/18 Q1016 RMK PP000,2025-06-13 05:01:27.417445,2025-06-13T04:00:00Z,20,18,4,170,4000,1016,IFR
SPZO,SPZO 130430Z 27004KT 230V290 9999 NSC 06/M01 Q1030 NOSIG RMK BIRD HAZARD RWY 10/28,2025-06-13 05:01:27.848477,2025-06-13T04:30:00Z,6,-1,4,270,9999,1030,VFR
SPJR,SPJR 122300Z 07004KT 020V180 9000 VCFG SCT020 BKN050 14/11 Q1027 RMK PP000,2025-06-13 05:01:28.557568,2025-06-12T23:00:00Z,14,11,4,70,9000,1027,VFR
SPQU,SPQU 142300Z 26002KT CAVOK 14/01 Q1028 NOSIG RMK PP000,2025-06-14 23:55:18.151116,2025-06-14T23:00:00Z,14,1,2,260,9999,1028,VFR
SPRU,SPRU 142300Z 15007KT 7000 FEW006 BKN020 20/18 Q1015 RMK PP000,2025-06-14 23:55:18.647095,2025-06-14T23:00:00Z,20,18,7,150,7000,1015,MVFR
SPZO,SPZO 142330Z 28008KT 9999 NSC 13/M06 Q1031 NOSIG RMK BIRD HAZARD RWY 10/28,2025-06-14 23:55:19.066252,2025-06-14T23:30:00Z,13,-6,8,280,9999,1031,VFR
SPJR,SPJR 142300Z 08003KT 030V140 9999 FEW023 SCT050 14/09 Q1027 RMK PP000,2025-06-14 23:55:19.511672,2025-06-14T23:00:00Z,14,9,3,80,9999,1027,VFR
SPQU,SPQU 150000Z VRB01KT CAVOK 11/M03 Q1029 RMK PP000,2025-06-15 00:55:40.509815,2025-06-15T00:00:00Z,11,-3,1,,9999,1029,VFR
SPRU,SPRU 150000Z 15006KT 7000 BKN020 20/18 Q1015 RMK PP000,2025-06-15 00:55:40.998007,2025-06-15T00:00:00Z,20,18,6,150.0,7000,1015,MVFR
SPZO,SPZO 150030Z 26005KT 230V320 9999 NSC 12/M05 Q1032 NOSIG RMK BIRD HAZARD RWY 10/28,2025-06-15 00:55:41.428327,2025-06-15T00:30:00Z,12,-5,5,260.0,9999,1032,VFR
SPJR,SPJR 142300Z 08003KT 030V140 9999 FEW023 SCT050 14/09 Q1027 RMK PP000,2025-06-15 00:55:42.180299,2025-06-14T23:00:00Z,14,9,3,80.0,9999,1027,VFR
SPQU,SPQU 150100Z 02004KT CAVOK 12/M08 Q1029 RMK PP000,2025-06-15 01:14:16.878447,2025-06-15T01:00:00Z,12,-8,4,20,9999,1029,VFR
SPRU,SPRU 150100Z 15006KT 6000 FEW009 BKN020 20/18 Q1016 RMK PP000,2025-06-15 01:14:17.377300,2025-06-15T01:00:00Z,20,18,6,150,6000,1016,MVFR
SPZO,SPZO 150100Z 26006KT 9999 NSC 10/M04 Q1032 NOSIG RMK BIRD HAZARD RWY 10/28 PP000,2025-06-15 01:14:17.810270,2025-06-15T01:00:00Z,10,-4,6,260,9999,1032,VFR
SPJR,SPJR 142300Z 08003KT 030V140 9999 FEW023 SCT050 14/09 Q1027 RMK PP000,2025-06-15 01:14:18.519873,2025-06-14T23:00:00Z,14,9,3,80,9999,1027,VFR
SPQU,SPQU 150100Z 02004KT CAVOK 12/M08 Q1029 RMK PP000,2025-06-15 01:25:14.491641,2025-06-15T01:00:00Z,12,-8,4,20,9999,1029,VFR
SPRU,SPRU 150100Z 15006KT 6000 FEW009 BKN020 20/18 Q1016 RMK PP000,2025-06-15 01:25:14.999791,2025-06-15T01:00:00Z,20,18,6,150,6000,1016,MVFR
SPZO,SPZO 150100Z 26006KT 9999 NSC 10/M04 Q1032 NOSIG RMK BIRD HAZARD RWY 10/28 PP000,2025-06-15 01:25:15.500499,2025-06-15T01:00:00Z,10,-4,6,260,9999,1032,VFR
SPJR,SPJR 142300Z 08003KT 030V140 9999 FEW023 SCT050 14/09 Q1027 RMK PP000,2025-06-15 01:25:16.022423,2025-06-14T23:00:00Z,14,9,3,80,9999,1027,VFR
SPQU,SPQU 150100Z 02004KT CAVOK 12/M08 Q1029 RMK PP000,2025-06-15 01:27:42.328898,2025-06-15T01:00:00Z,12,-8,4,20,9999,1029,VFR
SPRU,SPRU 150100Z 15006KT 6000 FEW009 BKN020 20/18 Q1016 RMK PP000,2025-06-15 01:27:42.828784,2025-06-15T01:00:00Z,20,18,6,150,6000,1016,MVFR
SPZO,SPZO 150100Z 26006KT 9999 NSC 10/M04 Q1032 NOSIG RMK BIRD HAZARD RWY 10/28 PP000,2025-06-15 01:27:43.523836,2025-06-15T01:00:00Z,10,-4,6,260,9999,1032,VFR
SPJR,SPJR 142300Z 08003KT 030V140 9999 FEW023 SCT050 14/09 Q1027 RMK PP000,2025-06-15 01:27:44.092067,2025-06-14T23:00:00Z,14,9,3,80,9999,1027,VFR
SPQU,SPQU 150200Z 36005KT CAVOK 10/M12 Q1029 RMK PP000,2025-06-15 02:28:01.557270,2025-06-15T02:00:00Z,10,-12,5,360.0,9999,1029,VFR
SPRU,SPRU 150200Z 17004KT 5000 BR BKN008 20/18 Q1017 RMK PP000,2025-06-15 02:28:02.009415,2025-06-15T02:00:00Z,20,18,4,170.0,5000,1017,IFR
SPZO,SPZO 150200Z VRB02KT 9999 NSC 08/M05 Q1033 NOSIG RMK BIRD HAZARD RWY 10/28 PP000,2025-06-15 02:28:02.634579,2025-06-15T02:00:00Z,8,-5,2,,9999,1033,VFR
SPJR,SPJR 142300Z 08003KT 030V140 9999 FEW023 SCT050 14/09 Q1027 RMK PP000,2025-06-15 02:28:03.343403,2025-06-14T23:00:00Z,14,9,3,80.0,9999,1027,VFR
SPQU,SPQU 150300Z 04005KT CAVOK 10/M15 Q1029 RMK PP000,2025-06-15 03:28:21.150223,2025-06-15T03:00:00Z,10,-15,5,40,9999,1029,VFR
SPRU,SPRU 150300Z 16005KT 5000 BR BKN010 20/18 Q1017 RMK PP000,2025-06-15 03:28:21.615942,2025-06-15T03:00:00Z,20,18,5,160,5000,1017,MVFR
SPZO,SPZO 150300Z 27004KT 9999 NSC 07/M01 Q1034 NOSIG RMK BIRD HAZARD RWY 10/28 PP000,2025-06-15 03:28:22.160491,2025-06-15T03:00:00Z,7,-1,4,270,9999,1034,VFR
SPJR,SPJR 142300Z 08003KT 030V140 9999 FEW023 SCT050 14/09 Q1027 RMK PP000,2025-06-15 03:28:22.791034,2025-06-14T23:00:00Z,14,9,3,80,9999,1027,VFR
